transaction_id,customer_id,date,amount_usd
1,1,2022-11-20,12
2,1,2022-12-20,12
3,1,2023-01-19,12
4,1,2023-02-18,12
5,1,2023-03-20,12
6,1,2023-04-19,12
7,1,2023-05-19,12
8,1,2023-06-18,12
9,1,2023-07-18,12
10,1,2023-08-17,12
11,1,2023-09-16,12
12,1,2023-10-16,12
13,1,2023-11-15,12
14,1,2023-12-15,12
15,1,2024-01-14,12
16,1,2024-02-13,12
17,1,2024-03-14,12
18,1,2024-04-13,12
19,1,2024-05-13,12
20,1,2024-06-12,12
21,1,2024-07-12,12
22,1,2024-08-11,12
23,1,2024-09-10,12
24,1,2024-10-10,12
25,1,2024-11-09,12
26,1,2024-12-09,12
27,2,2024-08-08,8
28,2,2024-09-07,8
29,2,2024-10-07,8
30,2,2024-11-06,8
31,2,2024-12-06,8
32,3,2022-12-21,8
33,3,2023-01-20,8
34,3,2023-02-19,8
35,3,2023-03-21,8
36,3,2023-04-20,8
37,3,2023-05-20,8
38,3,2023-06-19,8
39,3,2023-07-19,8
40,3,2023-08-18,8
41,3,2023-09-17,8
42,3,2023-10-17,8
43,3,2023-11-16,8
44,3,2023-12-16,8
45,3,2024-01-15,8
46,3,2024-02-14,8
47,3,2024-03-15,8
48,3,2024-04-14,8
49,3,2024-05-14,8
50,3,2024-06-13,8
51,3,2024-07-13,8
52,3,2024-08-12,8
53,3,2024-09-11,8
54,3,2024-10-11,8
55,3,2024-11-10,8
56,3,2024-12-10,8
57,4,2022-02-14,12
58,4,2022-03-16,12
59,4,2022-04-15,12
60,4,2022-05-15,12
61,4,2022-06-14,12
62,4,2022-07-14,12
63,4,2022-08-13,12
64,4,2022-09-12,12
65,4,2022-10-12,12
66,4,2022-11-11,12
67,4,2022-12-11,12
68,4,2023-01-10,12
69,4,2023-02-09,12
70,4,2023-03-11,12
71,4,2023-04-10,12
72,4,2023-05-10,12
73,4,2023-06-09,12
74,4,2023-07-09,12
75,4,2023-08-08,12
76,4,2023-09-07,12
77,4,2023-10-07,12
78,4,2023-11-06,12
79,4,2023-12-06,12
80,4,2024-01-05,12
81,4,2024-02-04,12
82,4,2024-03-05,12
83,4,2024-04-04,12
84,4,2024-05-04,12
85,4,2024-06-03,12
86,4,2024-07-03,12
87,4,2024-08-02,12
88,4,2024-09-01,12
89,4,2024-10-01,12
90,4,2024-10-31,12
91,4,2024-11-30,12
92,5,2022-09-01,8
93,5,2022-10-01,8
94,5,2022-10-31,8
95,5,2022-11-30,8
96,5,2022-12-30,8
97,5,2023-01-29,8
98,5,2023-02-28,8
99,5,2023-03-30,8
100,5,2023-04-29,8
101,5,2023-05-29,8
102,5,2023-06-28,8
103,5,2023-07-28,8
104,5,2023-08-27,8
105,5,2023-09-26,8
106,5,2023-10-26,8
107,5,2023-11-25,8
108,5,2023-12-25,8
109,5,2024-01-24,8
110,5,2024-02-23,8
111,5,2024-03-24,8
112,5,2024-04-23,8
113,5,2024-05-23,8
114,5,2024-06-22,8
115,5,2024-07-22,8
116,5,2024-08-21,8
117,5,2024-09-20,8
118,5,2024-10-20,8
119,5,2024-11-19,8
120,6,2022-03-22,12
121,6,2022-04-21,12
122,6,2022-05-21,12
123,6,2022-06-20,12
124,6,2022-07-20,12
125,6,2022-08-19,12
126,6,2022-09-18,12
127,6,2022-10-18,12
128,6,2022-11-17,12
129,6,2022-12-17,12
130,6,2023-01-16,12
131,6,2023-02-15,12
132,6,2023-03-17,12
133,6,2023-04-16,12
134,6,2023-05-16,12
135,6,2023-06-15,12
136,6,2023-07-15,12
137,6,2023-08-14,12
138,6,2023-09-13,12
139,6,2023-10-13,12
140,6,2023-11-12,12
141,6,2023-12-12,12
142,6,2024-01-11,12
143,6,2024-02-10,12
144,6,2024-03-11,12
145,6,2024-04-10,12
146,6,2024-05-10,12
147,6,2024-06-09,12
148,6,2024-07-09,12
149,6,2024-08-08,12
150,6,2024-09-07,12
151,6,2024-10-07,12
152,6,2024-11-06,12
153,6,2024-12-06,12
154,7,2023-12-15,12
155,7,2024-01-14,12
156,7,2024-02-13,12
157,7,2024-03-14,12
158,7,2024-04-13,12
159,7,2024-05-13,12
160,7,2024-06-12,12
161,7,2024-07-12,12
162,7,2024-08-11,12
163,7,2024-09-10,12
164,7,2024-10-10,12
165,7,2024-11-09,12
166,7,2024-12-09,12
167,8,2024-12-31,8
168,9,2022-10-15,12
169,9,2022-11-14,12
170,9,2022-12-14,12
171,9,2023-01-13,12
172,9,2023-02-12,12
173,9,2023-03-14,12
174,9,2023-04-13,12
175,9,2023-05-13,12
176,9,2023-06-12,12
177,9,2023-07-12,12
178,9,2023-08-11,12
179,9,2023-09-10,12
180,9,2023-10-10,12
181,9,2023-11-09,12
182,9,2023-12-09,12
183,9,2024-01-08,12
184,9,2024-02-07,12
185,9,2024-03-08,12
186,9,2024-04-07,12
187,9,2024-05-07,12
188,9,2024-06-06,12
189,9,2024-07-06,12
190,9,2024-08-05,12
191,9,2024-09-04,12
192,9,2024-10-04,12
193,9,2024-11-03,12
194,9,2024-12-03,12
195,10,2023-04-18,12
196,10,2023-05-18,12
197,10,2023-06-17,12
198,10,2023-07-17,12
199,10,2023-08-16,12
200,10,2023-09-15,12
201,10,2023-10-15,12
202,10,2023-11-14,12
203,10,2023-12-14,12
204,10,2024-01-13,12
205,10,2024-02-12,12
206,10,2024-03-13,12
207,10,2024-04-12,12
208,10,2024-05-12,12
209,10,2024-06-11,12
210,10,2024-07-11,12
211,10,2024-08-10,12
212,10,2024-09-09,12
213,10,2024-10-09,12
214,10,2024-11-08,12
215,10,2024-12-08,12
216,11,2023-11-06,8
217,11,2023-12-06,8
218,11,2024-01-05,8
219,11,2024-02-04,8
220,11,2024-03-05,8
221,11,2024-04-04,8
222,11,2024-05-04,8
223,11,2024-06-03,8
224,11,2024-07-03,8
225,11,2024-08-02,8
226,11,2024-09-01,8
227,11,2024-10-01,8
228,11,2024-10-31,8
229,11,2024-11-30,8
230,12,2023-01-07,12
231,12,2023-02-06,12
232,12,2023-03-08,12
233,12,2023-04-07,12
234,12,2023-05-07,12
235,12,2023-06-06,12
236,12,2023-07-06,12
237,12,2023-08-05,12
238,12,2023-09-04,12
239,12,2023-10-04,12
240,12,2023-11-03,12
241,12,2023-12-03,12
242,12,2024-01-02,12
243,12,2024-02-01,12
244,12,2024-03-02,12
245,12,2024-04-01,12
246,12,2024-05-01,12
247,12,2024-05-31,12
248,12,2024-06-30,12
249,12,2024-07-30,12
250,12,2024-08-29,12
251,12,2024-09-28,12
252,12,2024-10-28,12
253,12,2024-11-27,12
254,13,2024-10-11,8
255,13,2024-11-10,8
256,13,2024-12-10,8
257,14,2023-04-30,16
258,14,2023-05-30,16
259,14,2023-06-29,16
260,14,2023-07-29,16
261,14,2023-08-28,16
262,14,2023-09-27,16
263,14,2023-10-27,16
264,14,2023-11-26,16
265,14,2023-12-26,16
266,14,2024-01-25,16
267,14,2024-02-24,16
268,14,2024-03-25,16
269,14,2024-04-24,16
270,14,2024-05-24,16
271,14,2024-06-23,16
272,14,2024-07-23,16
273,14,2024-08-22,16
274,14,2024-09-21,16
275,14,2024-10-21,16
276,14,2024-11-20,16
277,14,2024-12-20,16
278,15,2024-03-03,8
279,15,2024-04-02,8
280,15,2024-05-02,8
281,15,2024-06-01,8
282,15,2024-07-01,8
283,15,2024-07-31,8
284,15,2024-08-30,8
285,15,2024-09-29,8
286,15,2024-10-29,8
287,15,2024-11-28,8
288,16,2024-03-01,12
289,16,2024-03-31,12
290,16,2024-04-30,12
291,16,2024-05-30,12
292,16,2024-06-29,12
293,16,2024-07-29,12
294,16,2024-08-28,12
295,16,2024-09-27,12
296,16,2024-10-27,12
297,16,2024-11-26,12
298,17,2024-01-25,12
299,17,2024-02-24,12
300,17,2024-03-25,12
301,17,2024-04-24,12
302,17,2024-05-24,12
303,17,2024-06-23,12
304,17,2024-07-23,12
305,17,2024-08-22,12
306,17,2024-09-21,12
307,17,2024-10-21,12
308,17,2024-11-20,12
309,17,2024-12-20,12
310,18,2024-03-17,8
311,18,2024-04-16,8
312,18,2024-05-16,8
313,18,2024-06-15,8
314,18,2024-07-15,8
315,18,2024-08-14,8
316,18,2024-09-13,8
317,18,2024-10-13,8
318,18,2024-11-12,8
319,18,2024-12-12,8
320,19,2023-11-26,12
321,19,2023-12-26,12
322,19,2024-01-25,12
323,19,2024-02-24,12
324,19,2024-03-25,12
325,19,2024-04-24,12
326,19,2024-05-24,12
327,19,2024-06-23,12
328,19,2024-07-23,12
329,19,2024-08-22,12
330,19,2024-09-21,12
331,19,2024-10-21,12
332,19,2024-11-20,12
333,19,2024-12-20,12
334,20,2023-09-03,12
335,20,2023-10-03,12
336,20,2023-11-02,12
337,20,2023-12-02,12
338,20,2024-01-01,12
339,20,2024-01-31,12
340,20,2024-03-01,12
341,20,2024-03-31,12
342,20,2024-04-30,12
343,20,2024-05-30,12
344,20,2024-06-29,12
345,20,2024-07-29,12
346,20,2024-08-28,12
347,20,2024-09-27,12
348,20,2024-10-27,12
349,20,2024-11-26,12
350,21,2023-06-21,8
351,21,2023-07-21,8
352,21,2023-08-20,8
353,21,2023-09-19,8
354,21,2023-10-19,8
355,21,2023-11-18,8
356,21,2023-12-18,8
357,21,2024-01-17,8
358,21,2024-02-16,8
359,21,2024-03-17,8
360,21,2024-04-16,8
361,21,2024-05-16,8
362,21,2024-06-15,8
363,21,2024-07-15,8
364,21,2024-08-14,8
365,21,2024-09-13,8
366,21,2024-10-13,8
367,21,2024-11-12,8
368,21,2024-12-12,8
369,22,2022-03-13,12
370,22,2022-04-12,12
371,22,2022-05-12,12
372,22,2022-06-11,12
373,22,2022-07-11,12
374,22,2022-08-10,12
375,22,2022-09-09,12
376,22,2022-10-09,12
377,22,2022-11-08,12
378,22,2022-12-08,12
379,22,2023-01-07,12
380,22,2023-02-06,12
381,22,2023-03-08,12
382,22,2023-04-07,12
383,22,2023-05-07,12
384,22,2023-06-06,12
385,22,2023-07-06,12
386,22,2023-08-05,12
387,22,2023-09-04,12
388,22,2023-10-04,12
389,22,2023-11-03,12
390,22,2023-12-03,12
391,22,2024-01-02,12
392,22,2024-02-01,12
393,22,2024-03-02,12
394,22,2024-04-01,12
395,22,2024-05-01,12
396,22,2024-05-31,12
397,22,2024-06-30,12
398,22,2024-07-30,12
399,22,2024-08-29,12
400,22,2024-09-28,12
401,22,2024-10-28,12
402,22,2024-11-27,12
403,23,2023-04-07,16
404,23,2023-05-07,16
405,23,2023-06-06,16
406,23,2023-07-06,16
407,23,2023-08-05,16
408,23,2023-09-04,16
409,23,2023-10-04,16
410,23,2023-11-03,16
411,23,2023-12-03,16
412,23,2024-01-02,16
413,23,2024-02-01,16
414,23,2024-03-02,16
415,23,2024-04-01,16
416,23,2024-05-01,16
417,23,2024-05-31,16
418,23,2024-06-30,16
419,23,2024-07-30,16
420,23,2024-08-29,16
421,23,2024-09-28,16
422,23,2024-10-28,16
423,23,2024-11-27,16
424,24,2023-12-17,8
425,24,2024-01-16,8
426,24,2024-02-15,8
427,24,2024-03-16,8
428,24,2024-04-15,8
429,24,2024-05-15,8
430,24,2024-06-14,8
431,24,2024-07-14,8
432,24,2024-08-13,8
433,24,2024-09-12,8
434,24,2024-10-12,8
435,24,2024-11-11,8
436,24,2024-12-11,8
437,25,2022-05-06,8
438,25,2022-06-05,8
439,25,2022-07-05,8
440,25,2022-08-04,8
441,25,2022-09-03,8
442,25,2022-10-03,8
443,25,2022-11-02,8
444,25,2022-12-02,8
445,25,2023-01-01,8
446,25,2023-01-31,8
447,25,2023-03-02,8
448,25,2023-04-01,8
449,25,2023-05-01,8
450,25,2023-05-31,8
451,25,2023-06-30,8
452,25,2023-07-30,8
453,25,2023-08-29,8
454,25,2023-09-28,8
455,25,2023-10-28,8
456,25,2023-11-27,8
457,25,2023-12-27,8
458,25,2024-01-26,8
459,25,2024-02-25,8
460,25,2024-03-26,8
461,25,2024-04-25,8
462,25,2024-05-25,8
463,25,2024-06-24,8
464,25,2024-07-24,8
465,25,2024-08-23,8
466,25,2024-09-22,8
467,25,2024-10-22,8
468,25,2024-11-21,8
469,26,2023-03-15,8
470,26,2023-04-14,8
471,26,2023-05-14,8
472,26,2023-06-13,8
473,26,2023-07-13,8
474,26,2023-08-12,8
475,26,2023-09-11,8
476,26,2023-10-11,8
477,26,2023-11-10,8
478,26,2023-12-10,8
479,26,2024-01-09,8
480,26,2024-02-08,8
481,26,2024-03-09,8
482,26,2024-04-08,8
483,26,2024-05-08,8
484,26,2024-06-07,8
485,26,2024-07-07,8
486,26,2024-08-06,8
487,26,2024-09-05,8
488,26,2024-10-05,8
489,26,2024-11-04,8
490,26,2024-12-04,8
491,27,2022-04-24,12
492,27,2022-05-24,12
493,27,2022-06-23,12
494,27,2022-07-23,12
495,27,2022-08-22,12
496,27,2022-09-21,12
497,27,2022-10-21,12
498,27,2022-11-20,12
499,27,2022-12-20,12
500,27,2023-01-19,12
501,27,2023-02-18,12
502,27,2023-03-20,12
503,27,2023-04-19,12
504,27,2023-05-19,12
505,27,2023-06-18,12
506,27,2023-07-18,12
507,27,2023-08-17,12
508,27,2023-09-16,12
509,27,2023-10-16,12
510,27,2023-11-15,12
511,27,2023-12-15,12
512,27,2024-01-14,12
513,27,2024-02-13,12
514,27,2024-03-14,12
515,27,2024-04-13,12
516,27,2024-05-13,12
517,27,2024-06-12,12
518,27,2024-07-12,12
519,27,2024-08-11,12
520,27,2024-09-10,12
521,27,2024-10-10,12
522,27,2024-11-09,12
523,27,2024-12-09,12
524,28,2022-05-20,8
525,28,2022-06-19,8
526,28,2022-07-19,8
527,28,2022-08-18,8
528,28,2022-09-17,8
529,28,2022-10-17,8
530,28,2022-11-16,8
531,28,2022-12-16,8
532,28,2023-01-15,8
533,28,2023-02-14,8
534,28,2023-03-16,8
535,28,2023-04-15,8
536,28,2023-05-15,8
537,28,2023-06-14,8
538,28,2023-07-14,8
539,28,2023-08-13,8
540,28,2023-09-12,8
541,28,2023-10-12,8
542,28,2023-11-11,8
543,28,2023-12-11,8
544,28,2024-01-10,8
545,28,2024-02-09,8
546,28,2024-03-10,8
547,28,2024-04-09,8
548,28,2024-05-09,8
549,28,2024-06-08,8
550,28,2024-07-08,8
551,28,2024-08-07,8
552,28,2024-09-06,8
553,28,2024-10-06,8
554,28,2024-11-05,8
555,28,2024-12-05,8
556,29,2024-11-12,16
557,29,2024-12-12,16
558,30,2024-01-31,8
559,30,2024-03-01,8
560,30,2024-03-31,8
561,30,2024-04-30,8
562,30,2024-05-30,8
563,30,2024-06-29,8
564,30,2024-07-29,8
565,30,2024-08-28,8
566,30,2024-09-27,8
567,30,2024-10-27,8
568,30,2024-11-26,8
569,30,2024-12-26,8
570,31,2023-04-21,16
571,31,2023-05-21,16
572,31,2023-06-20,16
573,31,2023-07-20,16
574,31,2023-08-19,16
575,31,2023-09-18,16
576,31,2023-10-18,16
577,31,2023-11-17,16
578,31,2023-12-17,16
579,31,2024-01-16,16
580,31,2024-02-15,16
581,31,2024-03-16,16
582,31,2024-04-15,16
583,31,2024-05-15,16
584,31,2024-06-14,16
585,31,2024-07-14,16
586,31,2024-08-13,16
587,31,2024-09-12,16
588,31,2024-10-12,16
589,31,2024-11-11,16
590,31,2024-12-11,16
591,32,2023-09-20,16
592,32,2023-10-20,16
593,32,2023-11-19,16
594,32,2023-12-19,16
595,32,2024-01-18,16
596,32,2024-02-17,16
597,32,2024-03-18,16
598,32,2024-04-17,16
599,32,2024-05-17,16
600,32,2024-06-16,16
601,32,2024-07-16,16
602,32,2024-08-15,16
603,32,2024-09-14,16
604,32,2024-10-14,16
605,32,2024-11-13,16
606,32,2024-12-13,16
607,33,2023-03-15,16
608,33,2023-04-14,16
609,33,2023-05-14,16
610,33,2023-06-13,16
611,33,2023-07-13,16
612,33,2023-08-12,16
613,33,2023-09-11,16
614,33,2023-10-11,16
615,33,2023-11-10,16
616,33,2023-12-10,16
617,33,2024-01-09,16
618,33,2024-02-08,16
619,33,2024-03-09,16
620,33,2024-04-08,16
621,33,2024-05-08,16
622,33,2024-06-07,16
623,33,2024-07-07,16
624,33,2024-08-06,16
625,33,2024-09-05,16
626,33,2024-10-05,16
627,33,2024-11-04,16
628,33,2024-12-04,16
629,34,2023-06-06,8
630,34,2023-07-06,8
631,34,2023-08-05,8
632,34,2023-09-04,8
633,34,2023-10-04,8
634,34,2023-11-03,8
635,34,2023-12-03,8
636,34,2024-01-02,8
637,34,2024-02-01,8
638,34,2024-03-02,8
639,34,2024-04-01,8
640,34,2024-05-01,8
641,34,2024-05-31,8
642,34,2024-06-30,8
643,34,2024-07-30,8
644,34,2024-08-29,8
645,34,2024-09-28,8
646,34,2024-10-28,8
647,34,2024-11-27,8
648,35,2024-04-24,16
649,35,2024-05-24,16
650,35,2024-06-23,16
651,35,2024-07-23,16
652,35,2024-08-22,16
653,35,2024-09-21,16
654,35,2024-10-21,16
655,35,2024-11-20,16
656,35,2024-12-20,16
657,36,2022-10-27,16
658,36,2022-11-26,16
659,36,2022-12-26,16
660,36,2023-01-25,16
661,36,2023-02-24,16
662,36,2023-03-26,16
663,36,2023-04-25,16
664,36,2023-05-25,16
665,36,2023-06-24,16
666,36,2023-07-24,16
667,36,2023-08-23,16
668,36,2023-09-22,16
669,36,2023-10-22,16
670,36,2023-11-21,16
671,36,2023-12-21,16
672,36,2024-01-20,16
673,36,2024-02-19,16
674,36,2024-03-20,16
675,36,2024-04-19,16
676,36,2024-05-19,16
677,36,2024-06-18,16
678,36,2024-07-18,16
679,36,2024-08-17,16
680,36,2024-09-16,16
681,36,2024-10-16,16
682,36,2024-11-15,16
683,36,2024-12-15,16
684,37,2024-09-26,16
685,37,2024-10-26,16
686,37,2024-11-25,16
687,37,2024-12-25,16
688,38,2024-10-19,12
689,38,2024-11-18,12
690,38,2024-12-18,12
691,39,2022-12-03,16
692,39,2023-01-02,16
693,39,2023-02-01,16
694,39,2023-03-03,16
695,39,2023-04-02,16
696,39,2023-05-02,16
697,39,2023-06-01,16
698,39,2023-07-01,16
699,39,2023-07-31,16
700,39,2023-08-30,16
701,39,2023-09-29,16
702,39,2023-10-29,16
703,39,2023-11-28,16
704,39,2023-12-28,16
705,39,2024-01-27,16
706,39,2024-02-26,16
707,39,2024-03-27,16
708,39,2024-04-26,16
709,39,2024-05-26,16
710,39,2024-06-25,16
711,39,2024-07-25,16
712,39,2024-08-24,16
713,39,2024-09-23,16
714,39,2024-10-23,16
715,39,2024-11-22,16
716,40,2024-04-15,16
717,40,2024-05-15,16
718,40,2024-06-14,16
719,40,2024-07-14,16
720,40,2024-08-13,16
721,40,2024-09-12,16
722,40,2024-10-12,16
723,40,2024-11-11,16
724,40,2024-12-11,16
725,41,2023-08-28,12
726,41,2023-09-27,12
727,41,2023-10-27,12
728,41,2023-11-26,12
729,41,2023-12-26,12
730,41,2024-01-25,12
731,41,2024-02-24,12
732,41,2024-03-25,12
733,41,2024-04-24,12
734,41,2024-05-24,12
735,41,2024-06-23,12
736,41,2024-07-23,12
737,41,2024-08-22,12
738,41,2024-09-21,12
739,41,2024-10-21,12
740,41,2024-11-20,12
741,41,2024-12-20,12
742,42,2023-03-05,8
743,42,2023-04-04,8
744,42,2023-05-04,8
745,42,2023-06-03,8
746,42,2023-07-03,8
747,42,2023-08-02,8
748,42,2023-09-01,8
749,42,2023-10-01,8
750,42,2023-10-31,8
751,42,2023-11-30,8
752,42,2023-12-30,8
753,42,2024-01-29,8
754,42,2024-02-28,8
755,42,2024-03-29,8
756,42,2024-04-28,8
757,42,2024-05-28,8
758,42,2024-06-27,8
759,42,2024-07-27,8
760,42,2024-08-26,8
761,42,2024-09-25,8
762,42,2024-10-25,8
763,42,2024-11-24,8
764,43,2022-08-28,12
765,43,2022-09-27,12
766,43,2022-10-27,12
767,43,2022-11-26,12
768,43,2022-12-26,12
769,43,2023-01-25,12
770,43,2023-02-24,12
771,43,2023-03-26,12
772,43,2023-04-25,12
773,43,2023-05-25,12
774,43,2023-06-24,12
775,43,2023-07-24,12
776,43,2023-08-23,12
777,43,2023-09-22,12
778,43,2023-10-22,12
779,43,2023-11-21,12
780,43,2023-12-21,12
781,43,2024-01-20,12
782,43,2024-02-19,12
783,43,2024-03-20,12
784,43,2024-04-19,12
785,43,2024-05-19,12
786,43,2024-06-18,12
787,43,2024-07-18,12
788,43,2024-08-17,12
789,43,2024-09-16,12
790,43,2024-10-16,12
791,43,2024-11-15,12
792,43,2024-12-15,12
793,44,2024-12-16,8
794,45,2024-09-03,12
795,45,2024-10-03,12
796,45,2024-11-02,12
797,45,2024-12-02,12
798,46,2023-10-06,8
799,46,2023-11-05,8
800,46,2023-12-05,8
801,46,2024-01-04,8
802,46,2024-02-03,8
803,46,2024-03-04,8
804,46,2024-04-03,8
805,46,2024-05-03,8
806,46,2024-06-02,8
807,46,2024-07-02,8
808,46,2024-08-01,8
809,46,2024-08-31,8
810,46,2024-09-30,8
811,46,2024-10-30,8
812,46,2024-11-29,8
813,47,2024-01-09,8
814,47,2024-02-08,8
815,47,2024-03-09,8
816,47,2024-04-08,8
817,47,2024-05-08,8
818,47,2024-06-07,8
819,47,2024-07-07,8
820,47,2024-08-06,8
821,47,2024-09-05,8
822,47,2024-10-05,8
823,47,2024-11-04,8
824,47,2024-12-04,8
825,48,2023-06-11,8
826,48,2023-07-11,8
827,48,2023-08-10,8
828,48,2023-09-09,8
829,48,2023-10-09,8
830,48,2023-11-08,8
831,48,2023-12-08,8
832,48,2024-01-07,8
833,48,2024-02-06,8
834,48,2024-03-07,8
835,48,2024-04-06,8
836,48,2024-05-06,8
837,48,2024-06-05,8
838,48,2024-07-05,8
839,48,2024-08-04,8
840,48,2024-09-03,8
841,48,2024-10-03,8
842,48,2024-11-02,8
843,48,2024-12-02,8
844,49,2022-03-23,8
845,49,2022-04-22,8
846,49,2022-05-22,8
847,49,2022-06-21,8
848,49,2022-07-21,8
849,49,2022-08-20,8
850,49,2022-09-19,8
851,49,2022-10-19,8
852,49,2022-11-18,8
853,49,2022-12-18,8
854,49,2023-01-17,8
855,49,2023-02-16,8
856,49,2023-03-18,8
857,49,2023-04-17,8
858,49,2023-05-17,8
859,49,2023-06-16,8
860,49,2023-07-16,8
861,49,2023-08-15,8
862,49,2023-09-14,8
863,49,2023-10-14,8
864,49,2023-11-13,8
865,49,2023-12-13,8
866,49,2024-01-12,8
867,49,2024-02-11,8
868,49,2024-03-12,8
869,49,2024-04-11,8
870,49,2024-05-11,8
871,49,2024-06-10,8
872,49,2024-07-10,8
873,49,2024-08-09,8
874,49,2024-09-08,8
875,49,2024-10-08,8
876,49,2024-11-07,8
877,49,2024-12-07,8
878,50,2022-05-23,16
879,50,2022-06-22,16
880,50,2022-07-22,16
881,50,2022-08-21,16
882,50,2022-09-20,16
883,50,2022-10-20,16
884,50,2022-11-19,16
885,50,2022-12-19,16
886,50,2023-01-18,16
887,50,2023-02-17,16
888,50,2023-03-19,16
889,50,2023-04-18,16
890,50,2023-05-18,16
891,50,2023-06-17,16
892,50,2023-07-17,16
893,50,2023-08-16,16
894,50,2023-09-15,16
895,50,2023-10-15,16
896,50,2023-11-14,16
897,50,2023-12-14,16
898,50,2024-01-13,16
899,50,2024-02-12,16
900,50,2024-03-13,16
901,50,2024-04-12,16
902,50,2024-05-12,16
903,50,2024-06-11,16
904,50,2024-07-11,16
905,50,2024-08-10,16
906,50,2024-09-09,16
907,50,2024-10-09,16
908,50,2024-11-08,16
909,50,2024-12-08,16
910,51,2022-12-24,8
911,51,2023-01-23,8
912,51,2023-02-22,8
913,51,2023-03-24,8
914,51,2023-04-23,8
915,51,2023-05-23,8
916,51,2023-06-22,8
917,51,2023-07-22,8
918,51,2023-08-21,8
919,51,2023-09-20,8
920,51,2023-10-20,8
921,51,2023-11-19,8
922,51,2023-12-19,8
923,51,2024-01-18,8
924,51,2024-02-17,8
925,51,2024-03-18,8
926,51,2024-04-17,8
927,51,2024-05-17,8
928,51,2024-06-16,8
929,51,2024-07-16,8
930,51,2024-08-15,8
931,51,2024-09-14,8
932,51,2024-10-14,8
933,51,2024-11-13,8
934,51,2024-12-13,8
935,52,2023-12-09,8
936,52,2024-01-08,8
937,52,2024-02-07,8
938,52,2024-03-08,8
939,52,2024-04-07,8
940,52,2024-05-07,8
941,52,2024-06-06,8
942,52,2024-07-06,8
943,52,2024-08-05,8
944,52,2024-09-04,8
945,52,2024-10-04,8
946,52,2024-11-03,8
947,52,2024-12-03,8
948,53,2022-02-06,8
949,53,2022-03-08,8
950,53,2022-04-07,8
951,53,2022-05-07,8
952,53,2022-06-06,8
953,53,2022-07-06,8
954,53,2022-08-05,8
955,53,2022-09-04,8
956,53,2022-10-04,8
957,53,2022-11-03,8
958,53,2022-12-03,8
959,53,2023-01-02,8
960,53,2023-02-01,8
961,53,2023-03-03,8
962,53,2023-04-02,8
963,53,2023-05-02,8
964,53,2023-06-01,8
965,53,2023-07-01,8
966,53,2023-07-31,8
967,53,2023-08-30,8
968,53,2023-09-29,8
969,53,2023-10-29,8
970,53,2023-11-28,8
971,53,2023-12-28,8
972,53,2024-01-27,8
973,53,2024-02-26,8
974,53,2024-03-27,8
975,53,2024-04-26,8
976,53,2024-05-26,8
977,53,2024-06-25,8
978,53,2024-07-25,8
979,53,2024-08-24,8
980,53,2024-09-23,8
981,53,2024-10-23,8
982,53,2024-11-22,8
983,54,2022-06-23,16
984,54,2022-07-23,16
985,54,2022-08-22,16
986,54,2022-09-21,16
987,54,2022-10-21,16
988,54,2022-11-20,16
989,54,2022-12-20,16
990,54,2023-01-19,16
991,54,2023-02-18,16
992,54,2023-03-20,16
993,54,2023-04-19,16
994,54,2023-05-19,16
995,54,2023-06-18,16
996,54,2023-07-18,16
997,54,2023-08-17,16
998,54,2023-09-16,16
999,54,2023-10-16,16
1000,54,2023-11-15,16
1001,54,2023-12-15,16
1002,54,2024-01-14,16
1003,54,2024-02-13,16
1004,54,2024-03-14,16
1005,54,2024-04-13,16
1006,54,2024-05-13,16
1007,54,2024-06-12,16
1008,54,2024-07-12,16
1009,54,2024-08-11,16
1010,54,2024-09-10,16
1011,54,2024-10-10,16
1012,54,2024-11-09,16
1013,54,2024-12-09,16
1014,55,2024-04-05,16
1015,55,2024-05-05,16
1016,55,2024-06-04,16
1017,55,2024-07-04,16
1018,55,2024-08-03,16
1019,55,2024-09-02,16
1020,55,2024-10-02,16
1021,55,2024-11-01,16
1022,55,2024-12-01,16
1023,56,2024-06-07,16
1024,56,2024-07-07,16
1025,56,2024-08-06,16
1026,56,2024-09-05,16
1027,56,2024-10-05,16
1028,56,2024-11-04,16
1029,56,2024-12-04,16
1030,57,2023-12-04,8
1031,57,2024-01-03,8
1032,57,2024-02-02,8
1033,57,2024-03-03,8
1034,57,2024-04-02,8
1035,57,2024-05-02,8
1036,57,2024-06-01,8
1037,57,2024-07-01,8
1038,57,2024-07-31,8
1039,57,2024-08-30,8
1040,57,2024-09-29,8
1041,57,2024-10-29,8
1042,57,2024-11-28,8
1043,58,2023-10-23,16
1044,58,2023-11-22,16
1045,58,2023-12-22,16
1046,58,2024-01-21,16
1047,58,2024-02-20,16
1048,58,2024-03-21,16
1049,58,2024-04-20,16
1050,58,2024-05-20,16
1051,58,2024-06-19,16
1052,58,2024-07-19,16
1053,58,2024-08-18,16
1054,58,2024-09-17,16
1055,58,2024-10-17,16
1056,58,2024-11-16,16
1057,58,2024-12-16,16
1058,59,2023-12-11,16
1059,59,2024-01-10,16
1060,59,2024-02-09,16
1061,59,2024-03-10,16
1062,59,2024-04-09,16
1063,59,2024-05-09,16
1064,59,2024-06-08,16
1065,59,2024-07-08,16
1066,59,2024-08-07,16
1067,59,2024-09-06,16
1068,59,2024-10-06,16
1069,59,2024-11-05,16
1070,59,2024-12-05,16
1071,60,2023-03-28,8
1072,60,2023-04-27,8
1073,60,2023-05-27,8
1074,60,2023-06-26,8
1075,60,2023-07-26,8
1076,60,2023-08-25,8
1077,60,2023-09-24,8
1078,60,2023-10-24,8
1079,60,2023-11-23,8
1080,60,2023-12-23,8
1081,60,2024-01-22,8
1082,60,2024-02-21,8
1083,60,2024-03-22,8
1084,60,2024-04-21,8
1085,60,2024-05-21,8
1086,60,2024-06-20,8
1087,60,2024-07-20,8
1088,60,2024-08-19,8
1089,60,2024-09-18,8
1090,60,2024-10-18,8
1091,60,2024-11-17,8
1092,60,2024-12-17,8
1093,61,2022-08-20,16
1094,61,2022-09-19,16
1095,61,2022-10-19,16
1096,61,2022-11-18,16
1097,61,2022-12-18,16
1098,61,2023-01-17,16
1099,61,2023-02-16,16
1100,61,2023-03-18,16
1101,61,2023-04-17,16
1102,61,2023-05-17,16
1103,61,2023-06-16,16
1104,61,2023-07-16,16
1105,61,2023-08-15,16
1106,61,2023-09-14,16
1107,61,2023-10-14,16
1108,61,2023-11-13,16
1109,61,2023-12-13,16
1110,61,2024-01-12,16
1111,61,2024-02-11,16
1112,61,2024-03-12,16
1113,61,2024-04-11,16
1114,61,2024-05-11,16
1115,61,2024-06-10,16
1116,61,2024-07-10,16
1117,61,2024-08-09,16
1118,61,2024-09-08,16
1119,61,2024-10-08,16
1120,61,2024-11-07,16
1121,61,2024-12-07,16
1122,62,2023-09-30,12
1123,62,2023-10-30,12
1124,62,2023-11-29,12
1125,62,2023-12-29,12
1126,62,2024-01-28,12
1127,62,2024-02-27,12
1128,62,2024-03-28,12
1129,62,2024-04-27,12
1130,62,2024-05-27,12
1131,62,2024-06-26,12
1132,62,2024-07-26,12
1133,62,2024-08-25,12
1134,62,2024-09-24,12
1135,62,2024-10-24,12
1136,62,2024-11-23,12
1137,62,2024-12-23,12
1138,63,2024-02-09,8
1139,63,2024-03-10,8
1140,63,2024-04-09,8
1141,63,2024-05-09,8
1142,63,2024-06-08,8
1143,63,2024-07-08,8
1144,63,2024-08-07,8
1145,63,2024-09-06,8
1146,63,2024-10-06,8
1147,63,2024-11-05,8
1148,63,2024-12-05,8
1149,64,2023-05-03,8
1150,64,2023-06-02,8
1151,64,2023-07-02,8
1152,64,2023-08-01,8
1153,64,2023-08-31,8
1154,64,2023-09-30,8
1155,64,2023-10-30,8
1156,64,2023-11-29,8
1157,64,2023-12-29,8
1158,64,2024-01-28,8
1159,64,2024-02-27,8
1160,64,2024-03-28,8
1161,64,2024-04-27,8
1162,64,2024-05-27,8
1163,64,2024-06-26,8
1164,64,2024-07-26,8
1165,64,2024-08-25,8
1166,64,2024-09-24,8
1167,64,2024-10-24,8
1168,64,2024-11-23,8
1169,65,2022-02-18,8
1170,65,2022-03-20,8
1171,65,2022-04-19,8
1172,65,2022-05-19,8
1173,65,2022-06-18,8
1174,65,2022-07-18,8
1175,65,2022-08-17,8
1176,65,2022-09-16,8
1177,65,2022-10-16,8
1178,65,2022-11-15,8
1179,65,2022-12-15,8
1180,65,2023-01-14,8
1181,65,2023-02-13,8
1182,65,2023-03-15,8
1183,65,2023-04-14,8
1184,65,2023-05-14,8
1185,65,2023-06-13,8
1186,65,2023-07-13,8
1187,65,2023-08-12,8
1188,65,2023-09-11,8
1189,65,2023-10-11,8
1190,65,2023-11-10,8
1191,65,2023-12-10,8
1192,65,2024-01-09,8
1193,65,2024-02-08,8
1194,65,2024-03-09,8
1195,65,2024-04-08,8
1196,65,2024-05-08,8
1197,65,2024-06-07,8
1198,65,2024-07-07,8
1199,65,2024-08-06,8
1200,65,2024-09-05,8
1201,65,2024-10-05,8
1202,65,2024-11-04,8
1203,65,2024-12-04,8
1204,66,2024-07-31,12
1205,66,2024-08-30,12
1206,66,2024-09-29,12
1207,66,2024-10-29,12
1208,66,2024-11-28,12
1209,66,2024-12-28,12
1210,67,2022-10-19,16
1211,67,2022-11-18,16
1212,67,2022-12-18,16
1213,67,2023-01-17,16
1214,67,2023-02-16,16
1215,67,2023-03-18,16
1216,67,2023-04-17,16
1217,67,2023-05-17,16
1218,67,2023-06-16,16
1219,67,2023-07-16,16
1220,67,2023-08-15,16
1221,67,2023-09-14,16
1222,67,2023-10-14,16
1223,67,2023-11-13,16
1224,67,2023-12-13,16
1225,67,2024-01-12,16
1226,67,2024-02-11,16
1227,67,2024-03-12,16
1228,67,2024-04-11,16
1229,67,2024-05-11,16
1230,67,2024-06-10,16
1231,67,2024-07-10,16
1232,67,2024-08-09,16
1233,67,2024-09-08,16
1234,67,2024-10-08,16
1235,67,2024-11-07,16
1236,67,2024-12-07,16
1237,68,2022-06-20,8
1238,68,2022-07-20,8
1239,68,2022-08-19,8
1240,68,2022-09-18,8
1241,68,2022-10-18,8
1242,68,2022-11-17,8
1243,68,2022-12-17,8
1244,68,2023-01-16,8
1245,68,2023-02-15,8
1246,68,2023-03-17,8
1247,68,2023-04-16,8
1248,68,2023-05-16,8
1249,68,2023-06-15,8
1250,68,2023-07-15,8
1251,68,2023-08-14,8
1252,68,2023-09-13,8
1253,68,2023-10-13,8
1254,68,2023-11-12,8
1255,68,2023-12-12,8
1256,68,2024-01-11,8
1257,68,2024-02-10,8
1258,68,2024-03-11,8
1259,68,2024-04-10,8
1260,68,2024-05-10,8
1261,68,2024-06-09,8
1262,68,2024-07-09,8
1263,68,2024-08-08,8
1264,68,2024-09-07,8
1265,68,2024-10-07,8
1266,68,2024-11-06,8
1267,68,2024-12-06,8
1268,69,2024-07-09,8
1269,69,2024-08-08,8
1270,69,2024-09-07,8
1271,69,2024-10-07,8
1272,69,2024-11-06,8
1273,69,2024-12-06,8
1274,70,2023-05-31,16
1275,70,2023-06-30,16
1276,70,2023-07-30,16
1277,70,2023-08-29,16
1278,70,2023-09-28,16
1279,70,2023-10-28,16
1280,70,2023-11-27,16
1281,70,2023-12-27,16
1282,70,2024-01-26,16
1283,70,2024-02-25,16
1284,70,2024-03-26,16
1285,70,2024-04-25,16
1286,70,2024-05-25,16
1287,70,2024-06-24,16
1288,70,2024-07-24,16
1289,70,2024-08-23,16
1290,70,2024-09-22,16
1291,70,2024-10-22,16
1292,70,2024-11-21,16
1293,70,2024-12-21,16
1294,71,2024-12-29,16
1295,72,2022-12-04,8
1296,72,2023-01-03,8
1297,72,2023-02-02,8
1298,72,2023-03-04,8
1299,72,2023-04-03,8
1300,72,2023-05-03,8
1301,72,2023-06-02,8
1302,72,2023-07-02,8
1303,72,2023-08-01,8
1304,72,2023-08-31,8
1305,72,2023-09-30,8
1306,72,2023-10-30,8
1307,72,2023-11-29,8
1308,72,2023-12-29,8
1309,72,2024-01-28,8
1310,72,2024-02-27,8
1311,72,2024-03-28,8
1312,72,2024-04-27,8
1313,72,2024-05-27,8
1314,72,2024-06-26,8
1315,72,2024-07-26,8
1316,72,2024-08-25,8
1317,72,2024-09-24,8
1318,72,2024-10-24,8
1319,72,2024-11-23,8
1320,73,2023-09-26,16
1321,73,2023-10-26,16
1322,73,2023-11-25,16
1323,73,2023-12-25,16
1324,73,2024-01-24,16
1325,73,2024-02-23,16
1326,73,2024-03-24,16
1327,73,2024-04-23,16
1328,73,2024-05-23,16
1329,73,2024-06-22,16
1330,73,2024-07-22,16
1331,73,2024-08-21,16
1332,73,2024-09-20,16
1333,73,2024-10-20,16
1334,73,2024-11-19,16
1335,73,2024-12-19,16
1336,74,2022-08-25,12
1337,74,2022-09-24,12
1338,74,2022-10-24,12
1339,74,2022-11-23,12
1340,74,2022-12-23,12
1341,74,2023-01-22,12
1342,74,2023-02-21,12
1343,74,2023-03-23,12
1344,74,2023-04-22,12
1345,74,2023-05-22,12
1346,74,2023-06-21,12
1347,74,2023-07-21,12
1348,74,2023-08-20,12
1349,74,2023-09-19,12
1350,74,2023-10-19,12
1351,74,2023-11-18,12
1352,74,2023-12-18,12
1353,74,2024-01-17,12
1354,74,2024-02-16,12
1355,74,2024-03-17,12
1356,74,2024-04-16,12
1357,74,2024-05-16,12
1358,74,2024-06-15,12
1359,74,2024-07-15,12
1360,74,2024-08-14,12
1361,74,2024-09-13,12
1362,74,2024-10-13,12
1363,74,2024-11-12,12
1364,74,2024-12-12,12
1365,75,2024-04-04,8
1366,75,2024-05-04,8
1367,75,2024-06-03,8
1368,75,2024-07-03,8
1369,75,2024-08-02,8
1370,75,2024-09-01,8
1371,75,2024-10-01,8
1372,75,2024-10-31,8
1373,75,2024-11-30,8
1374,76,2023-02-05,16
1375,76,2023-03-07,16
1376,76,2023-04-06,16
1377,76,2023-05-06,16
1378,76,2023-06-05,16
1379,76,2023-07-05,16
1380,76,2023-08-04,16
1381,76,2023-09-03,16
1382,76,2023-10-03,16
1383,76,2023-11-02,16
1384,76,2023-12-02,16
1385,76,2024-01-01,16
1386,76,2024-01-31,16
1387,76,2024-03-01,16
1388,76,2024-03-31,16
1389,76,2024-04-30,16
1390,76,2024-05-30,16
1391,76,2024-06-29,16
1392,76,2024-07-29,16
1393,76,2024-08-28,16
1394,76,2024-09-27,16
1395,76,2024-10-27,16
1396,76,2024-11-26,16
1397,77,2022-02-25,16
1398,77,2022-03-27,16
1399,77,2022-04-26,16
1400,77,2022-05-26,16
1401,77,2022-06-25,16
1402,77,2022-07-25,16
1403,77,2022-08-24,16
1404,77,2022-09-23,16
1405,77,2022-10-23,16
1406,77,2022-11-22,16
1407,77,2022-12-22,16
1408,77,2023-01-21,16
1409,77,2023-02-20,16
1410,77,2023-03-22,16
1411,77,2023-04-21,16
1412,77,2023-05-21,16
1413,77,2023-06-20,16
1414,77,2023-07-20,16
1415,77,2023-08-19,16
1416,77,2023-09-18,16
1417,77,2023-10-18,16
1418,77,2023-11-17,16
1419,77,2023-12-17,16
1420,77,2024-01-16,16
1421,77,2024-02-15,16
1422,77,2024-03-16,16
1423,77,2024-04-15,16
1424,77,2024-05-15,16
1425,77,2024-06-14,16
1426,77,2024-07-14,16
1427,77,2024-08-13,16
1428,77,2024-09-12,16
1429,77,2024-10-12,16
1430,77,2024-11-11,16
1431,77,2024-12-11,16
1432,78,2024-04-24,8
1433,78,2024-05-24,8
1434,78,2024-06-23,8
1435,78,2024-07-23,8
1436,78,2024-08-22,8
1437,78,2024-09-21,8
1438,78,2024-10-21,8
1439,78,2024-11-20,8
1440,78,2024-12-20,8
1441,79,2023-04-02,8
1442,79,2023-05-02,8
1443,79,2023-06-01,8
1444,79,2023-07-01,8
1445,79,2023-07-31,8
1446,79,2023-08-30,8
1447,79,2023-09-29,8
1448,79,2023-10-29,8
1449,79,2023-11-28,8
1450,79,2023-12-28,8
1451,79,2024-01-27,8
1452,79,2024-02-26,8
1453,79,2024-03-27,8
1454,79,2024-04-26,8
1455,79,2024-05-26,8
1456,79,2024-06-25,8
1457,79,2024-07-25,8
1458,79,2024-08-24,8
1459,79,2024-09-23,8
1460,79,2024-10-23,8
1461,79,2024-11-22,8
1462,80,2024-08-14,12
1463,80,2024-09-13,12
1464,80,2024-10-13,12
1465,80,2024-11-12,12
1466,80,2024-12-12,12
1467,81,2024-01-27,8
1468,81,2024-02-26,8
1469,81,2024-03-27,8
1470,81,2024-04-26,8
1471,81,2024-05-26,8
1472,81,2024-06-25,8
1473,81,2024-07-25,8
1474,81,2024-08-24,8
1475,81,2024-09-23,8
1476,81,2024-10-23,8
1477,81,2024-11-22,8
1478,81,2024-12-22,8
1479,82,2022-07-10,12
1480,82,2022-08-09,12
1481,82,2022-09-08,12
1482,82,2022-10-08,12
1483,82,2022-11-07,12
1484,82,2022-12-07,12
1485,82,2023-01-06,12
1486,82,2023-02-05,12
1487,82,2023-03-07,12
1488,82,2023-04-06,12
1489,82,2023-05-06,12
1490,82,2023-06-05,12
1491,82,2023-07-05,12
1492,82,2023-08-04,12
1493,82,2023-09-03,12
1494,82,2023-10-03,12
1495,82,2023-11-02,12
1496,82,2023-12-02,12
1497,82,2024-01-01,12
1498,82,2024-01-31,12
1499,82,2024-03-01,12
1500,82,2024-03-31,12
1501,82,2024-04-30,12
1502,82,2024-05-30,12
1503,82,2024-06-29,12
1504,82,2024-07-29,12
1505,82,2024-08-28,12
1506,82,2024-09-27,12
1507,82,2024-10-27,12
1508,82,2024-11-26,12
1509,83,2024-05-14,12
1510,83,2024-06-13,12
1511,83,2024-07-13,12
1512,83,2024-08-12,12
1513,83,2024-09-11,12
1514,83,2024-10-11,12
1515,83,2024-11-10,12
1516,83,2024-12-10,12
1517,84,2022-10-12,8
1518,84,2022-11-11,8
1519,84,2022-12-11,8
1520,84,2023-01-10,8
1521,84,2023-02-09,8
1522,84,2023-03-11,8
1523,84,2023-04-10,8
1524,84,2023-05-10,8
1525,84,2023-06-09,8
1526,84,2023-07-09,8
1527,84,2023-08-08,8
1528,84,2023-09-07,8
1529,84,2023-10-07,8
1530,84,2023-11-06,8
1531,84,2023-12-06,8
1532,84,2024-01-05,8
1533,84,2024-02-04,8
1534,84,2024-03-05,8
1535,84,2024-04-04,8
1536,84,2024-05-04,8
1537,84,2024-06-03,8
1538,84,2024-07-03,8
1539,84,2024-08-02,8
1540,84,2024-09-01,8
1541,84,2024-10-01,8
1542,84,2024-10-31,8
1543,84,2024-11-30,8
1544,85,2024-02-01,12
1545,85,2024-03-02,12
1546,85,2024-04-01,12
1547,85,2024-05-01,12
1548,85,2024-05-31,12
1549,85,2024-06-30,12
1550,85,2024-07-30,12
1551,85,2024-08-29,12
1552,85,2024-09-28,12
1553,85,2024-10-28,12
1554,85,2024-11-27,12
1555,86,2023-05-24,12
1556,86,2023-06-23,12
1557,86,2023-07-23,12
1558,86,2023-08-22,12
1559,86,2023-09-21,12
1560,86,2023-10-21,12
1561,86,2023-11-20,12
1562,86,2023-12-20,12
1563,86,2024-01-19,12
1564,86,2024-02-18,12
1565,86,2024-03-19,12
1566,86,2024-04-18,12
1567,86,2024-05-18,12
1568,86,2024-06-17,12
1569,86,2024-07-17,12
1570,86,2024-08-16,12
1571,86,2024-09-15,12
1572,86,2024-10-15,12
1573,86,2024-11-14,12
1574,86,2024-12-14,12
1575,87,2024-04-03,8
1576,87,2024-05-03,8
1577,87,2024-06-02,8
1578,87,2024-07-02,8
1579,87,2024-08-01,8
1580,87,2024-08-31,8
1581,87,2024-09-30,8
1582,87,2024-10-30,8
1583,87,2024-11-29,8
1584,88,2022-01-28,8
1585,88,2022-02-27,8
1586,88,2022-03-29,8
1587,88,2022-04-28,8
1588,88,2022-05-28,8
1589,88,2022-06-27,8
1590,88,2022-07-27,8
1591,88,2022-08-26,8
1592,88,2022-09-25,8
1593,88,2022-10-25,8
1594,88,2022-11-24,8
1595,88,2022-12-24,8
1596,88,2023-01-23,8
1597,88,2023-02-22,8
1598,88,2023-03-24,8
1599,88,2023-04-23,8
1600,88,2023-05-23,8
1601,88,2023-06-22,8
1602,88,2023-07-22,8
1603,88,2023-08-21,8
1604,88,2023-09-20,8
1605,88,2023-10-20,8
1606,88,2023-11-19,8
1607,88,2023-12-19,8
1608,88,2024-01-18,8
1609,88,2024-02-17,8
1610,88,2024-03-18,8
1611,88,2024-04-17,8
1612,88,2024-05-17,8
1613,88,2024-06-16,8
1614,88,2024-07-16,8
1615,88,2024-08-15,8
1616,88,2024-09-14,8
1617,88,2024-10-14,8
1618,88,2024-11-13,8
1619,88,2024-12-13,8
1620,89,2022-07-20,16
1621,89,2022-08-19,16
1622,89,2022-09-18,16
1623,89,2022-10-18,16
1624,89,2022-11-17,16
1625,89,2022-12-17,16
1626,89,2023-01-16,16
1627,89,2023-02-15,16
1628,89,2023-03-17,16
1629,89,2023-04-16,16
1630,89,2023-05-16,16
1631,89,2023-06-15,16
1632,89,2023-07-15,16
1633,89,2023-08-14,16
1634,89,2023-09-13,16
1635,89,2023-10-13,16
1636,89,2023-11-12,16
1637,89,2023-12-12,16
1638,89,2024-01-11,16
1639,89,2024-02-10,16
1640,89,2024-03-11,16
1641,89,2024-04-10,16
1642,89,2024-05-10,16
1643,89,2024-06-09,16
1644,89,2024-07-09,16
1645,89,2024-08-08,16
1646,89,2024-09-07,16
1647,89,2024-10-07,16
1648,89,2024-11-06,16
1649,89,2024-12-06,16
1650,90,2024-09-25,8
1651,90,2024-10-25,8
1652,90,2024-11-24,8
1653,90,2024-12-24,8
1654,91,2022-01-10,12
1655,91,2022-02-09,12
1656,91,2022-03-11,12
1657,91,2022-04-10,12
1658,91,2022-05-10,12
1659,91,2022-06-09,12
1660,91,2022-07-09,12
1661,91,2022-08-08,12
1662,91,2022-09-07,12
1663,91,2022-10-07,12
1664,91,2022-11-06,12
1665,91,2022-12-06,12
1666,91,2023-01-05,12
1667,91,2023-02-04,12
1668,91,2023-03-06,12
1669,91,2023-04-05,12
1670,91,2023-05-05,12
1671,91,2023-06-04,12
1672,91,2023-07-04,12
1673,91,2023-08-03,12
1674,91,2023-09-02,12
1675,91,2023-10-02,12
1676,91,2023-11-01,12
1677,91,2023-12-01,12
1678,91,2023-12-31,12
1679,91,2024-01-30,12
1680,91,2024-02-29,12
1681,91,2024-03-30,12
1682,91,2024-04-29,12
1683,91,2024-05-29,12
1684,91,2024-06-28,12
1685,91,2024-07-28,12
1686,91,2024-08-27,12
1687,91,2024-09-26,12
1688,91,2024-10-26,12
1689,91,2024-11-25,12
1690,92,2023-03-13,16
1691,92,2023-04-12,16
1692,92,2023-05-12,16
1693,92,2023-06-11,16
1694,92,2023-07-11,16
1695,92,2023-08-10,16
1696,92,2023-09-09,16
1697,92,2023-10-09,16
1698,92,2023-11-08,16
1699,92,2023-12-08,16
1700,92,2024-01-07,16
1701,92,2024-02-06,16
1702,92,2024-03-07,16
1703,92,2024-04-06,16
1704,92,2024-05-06,16
1705,92,2024-06-05,16
1706,92,2024-07-05,16
1707,92,2024-08-04,16
1708,92,2024-09-03,16
1709,92,2024-10-03,16
1710,92,2024-11-02,16
1711,92,2024-12-02,16
1712,93,2024-10-25,8
1713,93,2024-11-24,8
1714,93,2024-12-24,8
1715,94,2024-08-08,8
1716,94,2024-09-07,8
1717,94,2024-10-07,8
1718,94,2024-11-06,8
1719,94,2024-12-06,8
1720,95,2023-12-19,12
1721,95,2024-01-18,12
1722,95,2024-02-17,12
1723,95,2024-03-18,12
1724,95,2024-04-17,12
1725,95,2024-05-17,12
1726,95,2024-06-16,12
1727,95,2024-07-16,12
1728,95,2024-08-15,12
1729,95,2024-09-14,12
1730,95,2024-10-14,12
1731,95,2024-11-13,12
1732,95,2024-12-13,12
1733,96,2023-03-31,16
1734,96,2023-04-30,16
1735,96,2023-05-30,16
1736,96,2023-06-29,16
1737,96,2023-07-29,16
1738,96,2023-08-28,16
1739,96,2023-09-27,16
1740,96,2023-10-27,16
1741,96,2023-11-26,16
1742,96,2023-12-26,16
1743,96,2024-01-25,16
1744,96,2024-02-24,16
1745,96,2024-03-25,16
1746,96,2024-04-24,16
1747,96,2024-05-24,16
1748,96,2024-06-23,16
1749,96,2024-07-23,16
1750,96,2024-08-22,16
1751,96,2024-09-21,16
1752,96,2024-10-21,16
1753,96,2024-11-20,16
1754,96,2024-12-20,16
1755,97,2023-10-07,8
1756,97,2023-11-06,8
1757,97,2023-12-06,8
1758,97,2024-01-05,8
1759,97,2024-02-04,8
1760,97,2024-03-05,8
1761,97,2024-04-04,8
1762,97,2024-05-04,8
1763,97,2024-06-03,8
1764,97,2024-07-03,8
1765,97,2024-08-02,8
1766,97,2024-09-01,8
1767,97,2024-10-01,8
1768,97,2024-10-31,8
1769,97,2024-11-30,8
1770,98,2022-09-19,16
1771,98,2022-10-19,16
1772,98,2022-11-18,16
1773,98,2022-12-18,16
1774,98,2023-01-17,16
1775,98,2023-02-16,16
1776,98,2023-03-18,16
1777,98,2023-04-17,16
1778,98,2023-05-17,16
1779,98,2023-06-16,16
1780,98,2023-07-16,16
1781,98,2023-08-15,16
1782,98,2023-09-14,16
1783,98,2023-10-14,16
1784,98,2023-11-13,16
1785,98,2023-12-13,16
1786,98,2024-01-12,16
1787,98,2024-02-11,16
1788,98,2024-03-12,16
1789,98,2024-04-11,16
1790,98,2024-05-11,16
1791,98,2024-06-10,16
1792,98,2024-07-10,16
1793,98,2024-08-09,16
1794,98,2024-09-08,16
1795,98,2024-10-08,16
1796,98,2024-11-07,16
1797,98,2024-12-07,16
1798,99,2023-10-21,16
1799,99,2023-11-20,16
1800,99,2023-12-20,16
1801,99,2024-01-19,16
1802,99,2024-02-18,16
1803,99,2024-03-19,16
1804,99,2024-04-18,16
1805,99,2024-05-18,16
1806,99,2024-06-17,16
1807,99,2024-07-17,16
1808,99,2024-08-16,16
1809,99,2024-09-15,16
1810,99,2024-10-15,16
1811,99,2024-11-14,16
1812,99,2024-12-14,16
1813,100,2022-02-15,16
1814,100,2022-03-17,16
1815,100,2022-04-16,16
1816,100,2022-05-16,16
1817,100,2022-06-15,16
1818,100,2022-07-15,16
1819,100,2022-08-14,16
1820,100,2022-09-13,16
1821,100,2022-10-13,16
1822,100,2022-11-12,16
1823,100,2022-12-12,16
1824,100,2023-01-11,16
1825,100,2023-02-10,16
1826,100,2023-03-12,16
1827,100,2023-04-11,16
1828,100,2023-05-11,16
1829,100,2023-06-10,16
1830,100,2023-07-10,16
1831,100,2023-08-09,16
1832,100,2023-09-08,16
1833,100,2023-10-08,16
1834,100,2023-11-07,16
1835,100,2023-12-07,16
1836,100,2024-01-06,16
1837,100,2024-02-05,16
1838,100,2024-03-06,16
1839,100,2024-04-05,16
1840,100,2024-05-05,16
1841,100,2024-06-04,16
1842,100,2024-07-04,16
1843,100,2024-08-03,16
1844,100,2024-09-02,16
1845,100,2024-10-02,16
1846,100,2024-11-01,16
1847,100,2024-12-01,16
1848,101,2023-07-30,12
1849,101,2023-08-29,12
1850,101,2023-09-28,12
1851,101,2023-10-28,12
1852,101,2023-11-27,12
1853,101,2023-12-27,12
1854,101,2024-01-26,12
1855,101,2024-02-25,12
1856,101,2024-03-26,12
1857,101,2024-04-25,12
1858,101,2024-05-25,12
1859,101,2024-06-24,12
1860,101,2024-07-24,12
1861,101,2024-08-23,12
1862,101,2024-09-22,12
1863,101,2024-10-22,12
1864,101,2024-11-21,12
1865,101,2024-12-21,12
1866,102,2023-11-22,12
1867,102,2023-12-22,12
1868,102,2024-01-21,12
1869,102,2024-02-20,12
1870,102,2024-03-21,12
1871,102,2024-04-20,12
1872,102,2024-05-20,12
1873,102,2024-06-19,12
1874,102,2024-07-19,12
1875,102,2024-08-18,12
1876,102,2024-09-17,12
1877,102,2024-10-17,12
1878,102,2024-11-16,12
1879,102,2024-12-16,12
1880,103,2022-02-09,16
1881,103,2022-03-11,16
1882,103,2022-04-10,16
1883,103,2022-05-10,16
1884,103,2022-06-09,16
1885,103,2022-07-09,16
1886,103,2022-08-08,16
1887,103,2022-09-07,16
1888,103,2022-10-07,16
1889,103,2022-11-06,16
1890,103,2022-12-06,16
1891,103,2023-01-05,16
1892,103,2023-02-04,16
1893,103,2023-03-06,16
1894,103,2023-04-05,16
1895,103,2023-05-05,16
1896,103,2023-06-04,16
1897,103,2023-07-04,16
1898,103,2023-08-03,16
1899,103,2023-09-02,16
1900,103,2023-10-02,16
1901,103,2023-11-01,16
1902,103,2023-12-01,16
1903,103,2023-12-31,16
1904,103,2024-01-30,16
1905,103,2024-02-29,16
1906,103,2024-03-30,16
1907,103,2024-04-29,16
1908,103,2024-05-29,16
1909,103,2024-06-28,16
1910,103,2024-07-28,16
1911,103,2024-08-27,16
1912,103,2024-09-26,16
1913,103,2024-10-26,16
1914,103,2024-11-25,16
1915,104,2024-06-22,16
1916,104,2024-07-22,16
1917,104,2024-08-21,16
1918,104,2024-09-20,16
1919,104,2024-10-20,16
1920,104,2024-11-19,16
1921,104,2024-12-19,16
1922,105,2024-06-09,12
1923,105,2024-07-09,12
1924,105,2024-08-08,12
1925,105,2024-09-07,12
1926,105,2024-10-07,12
1927,105,2024-11-06,12
1928,105,2024-12-06,12
1929,106,2023-11-19,8
1930,106,2023-12-19,8
1931,106,2024-01-18,8
1932,106,2024-02-17,8
1933,106,2024-03-18,8
1934,106,2024-04-17,8
1935,106,2024-05-17,8
1936,106,2024-06-16,8
1937,106,2024-07-16,8
1938,106,2024-08-15,8
1939,106,2024-09-14,8
1940,106,2024-10-14,8
1941,106,2024-11-13,8
1942,106,2024-12-13,8
1943,107,2024-08-12,8
1944,107,2024-09-11,8
1945,107,2024-10-11,8
1946,107,2024-11-10,8
1947,107,2024-12-10,8
1948,108,2024-11-20,16
1949,108,2024-12-20,16
1950,109,2022-02-11,16
1951,109,2022-03-13,16
1952,109,2022-04-12,16
1953,109,2022-05-12,16
1954,109,2022-06-11,16
1955,109,2022-07-11,16
1956,109,2022-08-10,16
1957,109,2022-09-09,16
1958,109,2022-10-09,16
1959,109,2022-11-08,16
1960,109,2022-12-08,16
1961,109,2023-01-07,16
1962,109,2023-02-06,16
1963,109,2023-03-08,16
1964,109,2023-04-07,16
1965,109,2023-05-07,16
1966,109,2023-06-06,16
1967,109,2023-07-06,16
1968,109,2023-08-05,16
1969,109,2023-09-04,16
1970,109,2023-10-04,16
1971,109,2023-11-03,16
1972,109,2023-12-03,16
1973,109,2024-01-02,16
1974,109,2024-02-01,16
1975,109,2024-03-02,16
1976,109,2024-04-01,16
1977,109,2024-05-01,16
1978,109,2024-05-31,16
1979,109,2024-06-30,16
1980,109,2024-07-30,16
1981,109,2024-08-29,16
1982,109,2024-09-28,16
1983,109,2024-10-28,16
1984,109,2024-11-27,16
1985,110,2024-04-13,8
1986,110,2024-05-13,8
1987,110,2024-06-12,8
1988,110,2024-07-12,8
1989,110,2024-08-11,8
1990,110,2024-09-10,8
1991,110,2024-10-10,8
1992,110,2024-11-09,8
1993,110,2024-12-09,8
1994,111,2023-06-16,12
1995,111,2023-07-16,12
1996,111,2023-08-15,12
1997,111,2023-09-14,12
1998,111,2023-10-14,12
1999,111,2023-11-13,12
2000,111,2023-12-13,12
2001,111,2024-01-12,12
2002,111,2024-02-11,12
2003,111,2024-03-12,12
2004,111,2024-04-11,12
2005,111,2024-05-11,12
2006,111,2024-06-10,12
2007,111,2024-07-10,12
2008,111,2024-08-09,12
2009,111,2024-09-08,12
2010,111,2024-10-08,12
2011,111,2024-11-07,12
2012,111,2024-12-07,12
2013,112,2022-08-23,8
2014,112,2022-09-22,8
2015,112,2022-10-22,8
2016,112,2022-11-21,8
2017,112,2022-12-21,8
2018,112,2023-01-20,8
2019,112,2023-02-19,8
2020,112,2023-03-21,8
2021,112,2023-04-20,8
2022,112,2023-05-20,8
2023,112,2023-06-19,8
2024,112,2023-07-19,8
2025,112,2023-08-18,8
2026,112,2023-09-17,8
2027,112,2023-10-17,8
2028,112,2023-11-16,8
2029,112,2023-12-16,8
2030,112,2024-01-15,8
2031,112,2024-02-14,8
2032,112,2024-03-15,8
2033,112,2024-04-14,8
2034,112,2024-05-14,8
2035,112,2024-06-13,8
2036,112,2024-07-13,8
2037,112,2024-08-12,8
2038,112,2024-09-11,8
2039,112,2024-10-11,8
2040,112,2024-11-10,8
2041,112,2024-12-10,8
2042,113,2022-08-11,12
2043,113,2022-09-10,12
2044,113,2022-10-10,12
2045,113,2022-11-09,12
2046,113,2022-12-09,12
2047,113,2023-01-08,12
2048,113,2023-02-07,12
2049,113,2023-03-09,12
2050,113,2023-04-08,12
2051,113,2023-05-08,12
2052,113,2023-06-07,12
2053,113,2023-07-07,12
2054,113,2023-08-06,12
2055,113,2023-09-05,12
2056,113,2023-10-05,12
2057,113,2023-11-04,12
2058,113,2023-12-04,12
2059,113,2024-01-03,12
2060,113,2024-02-02,12
2061,113,2024-03-03,12
2062,113,2024-04-02,12
2063,113,2024-05-02,12
2064,113,2024-06-01,12
2065,113,2024-07-01,12
2066,113,2024-07-31,12
2067,113,2024-08-30,12
2068,113,2024-09-29,12
2069,113,2024-10-29,12
2070,113,2024-11-28,12
2071,114,2023-04-03,16
2072,114,2023-05-03,16
2073,114,2023-06-02,16
2074,114,2023-07-02,16
2075,114,2023-08-01,16
2076,114,2023-08-31,16
2077,114,2023-09-30,16
2078,114,2023-10-30,16
2079,114,2023-11-29,16
2080,114,2023-12-29,16
2081,114,2024-01-28,16
2082,114,2024-02-27,16
2083,114,2024-03-28,16
2084,114,2024-04-27,16
2085,114,2024-05-27,16
2086,114,2024-06-26,16
2087,114,2024-07-26,16
2088,114,2024-08-25,16
2089,114,2024-09-24,16
2090,114,2024-10-24,16
2091,114,2024-11-23,16
2092,115,2023-03-24,8
2093,115,2023-04-23,8
2094,115,2023-05-23,8
2095,115,2023-06-22,8
2096,115,2023-07-22,8
2097,115,2023-08-21,8
2098,115,2023-09-20,8
2099,115,2023-10-20,8
2100,115,2023-11-19,8
2101,115,2023-12-19,8
2102,115,2024-01-18,8
2103,115,2024-02-17,8
2104,115,2024-03-18,8
2105,115,2024-04-17,8
2106,115,2024-05-17,8
2107,115,2024-06-16,8
2108,115,2024-07-16,8
2109,115,2024-08-15,8
2110,115,2024-09-14,8
2111,115,2024-10-14,8
2112,115,2024-11-13,8
2113,115,2024-12-13,8
2114,116,2024-06-20,8
2115,116,2024-07-20,8
2116,116,2024-08-19,8
2117,116,2024-09-18,8
2118,116,2024-10-18,8
2119,116,2024-11-17,8
2120,116,2024-12-17,8
2121,117,2024-04-15,12
2122,117,2024-05-15,12
2123,117,2024-06-14,12
2124,117,2024-07-14,12
2125,117,2024-08-13,12
2126,117,2024-09-12,12
2127,117,2024-10-12,12
2128,117,2024-11-11,12
2129,117,2024-12-11,12
2130,118,2022-12-19,12
2131,118,2023-01-18,12
2132,118,2023-02-17,12
2133,118,2023-03-19,12
2134,118,2023-04-18,12
2135,118,2023-05-18,12
2136,118,2023-06-17,12
2137,118,2023-07-17,12
2138,118,2023-08-16,12
2139,118,2023-09-15,12
2140,118,2023-10-15,12
2141,118,2023-11-14,12
2142,118,2023-12-14,12
2143,118,2024-01-13,12
2144,118,2024-02-12,12
2145,118,2024-03-13,12
2146,118,2024-04-12,12
2147,118,2024-05-12,12
2148,118,2024-06-11,12
2149,118,2024-07-11,12
2150,118,2024-08-10,12
2151,118,2024-09-09,12
2152,118,2024-10-09,12
2153,118,2024-11-08,12
2154,118,2024-12-08,12
2155,119,2024-04-12,16
2156,119,2024-05-12,16
2157,119,2024-06-11,16
2158,119,2024-07-11,16
2159,119,2024-08-10,16
2160,119,2024-09-09,16
2161,119,2024-10-09,16
2162,119,2024-11-08,16
2163,119,2024-12-08,16
2164,120,2023-04-19,16
2165,120,2023-05-19,16
2166,120,2023-06-18,16
2167,120,2023-07-18,16
2168,120,2023-08-17,16
2169,120,2023-09-16,16
2170,120,2023-10-16,16
2171,120,2023-11-15,16
2172,120,2023-12-15,16
2173,120,2024-01-14,16
2174,120,2024-02-13,16
2175,120,2024-03-14,16
2176,120,2024-04-13,16
2177,120,2024-05-13,16
2178,120,2024-06-12,16
2179,120,2024-07-12,16
2180,120,2024-08-11,16
2181,120,2024-09-10,16
2182,120,2024-10-10,16
2183,120,2024-11-09,16
2184,120,2024-12-09,16
2185,121,2022-11-16,8
2186,121,2022-12-16,8
2187,121,2023-01-15,8
2188,121,2023-02-14,8
2189,121,2023-03-16,8
2190,121,2023-04-15,8
2191,121,2023-05-15,8
2192,121,2023-06-14,8
2193,121,2023-07-14,8
2194,121,2023-08-13,8
2195,121,2023-09-12,8
2196,121,2023-10-12,8
2197,121,2023-11-11,8
2198,121,2023-12-11,8
2199,121,2024-01-10,8
2200,121,2024-02-09,8
2201,121,2024-03-10,8
2202,121,2024-04-09,8
2203,121,2024-05-09,8
2204,121,2024-06-08,8
2205,121,2024-07-08,8
2206,121,2024-08-07,8
2207,121,2024-09-06,8
2208,121,2024-10-06,8
2209,121,2024-11-05,8
2210,121,2024-12-05,8
2211,122,2024-11-12,12
2212,122,2024-12-12,12
2213,123,2023-10-09,8
2214,123,2023-11-08,8
2215,123,2023-12-08,8
2216,123,2024-01-07,8
2217,123,2024-02-06,8
2218,123,2024-03-07,8
2219,123,2024-04-06,8
2220,123,2024-05-06,8
2221,123,2024-06-05,8
2222,123,2024-07-05,8
2223,123,2024-08-04,8
2224,123,2024-09-03,8
2225,123,2024-10-03,8
2226,123,2024-11-02,8
2227,123,2024-12-02,8
2228,124,2024-07-02,16
2229,124,2024-08-01,16
2230,124,2024-08-31,16
2231,124,2024-09-30,16
2232,124,2024-10-30,16
2233,124,2024-11-29,16
2234,125,2024-12-17,8
2235,126,2024-04-03,8
2236,126,2024-05-03,8
2237,126,2024-06-02,8
2238,126,2024-07-02,8
2239,126,2024-08-01,8
2240,126,2024-08-31,8
2241,126,2024-09-30,8
2242,126,2024-10-30,8
2243,126,2024-11-29,8
2244,127,2024-10-18,8
2245,127,2024-11-17,8
2246,127,2024-12-17,8
2247,128,2024-09-11,12
2248,128,2024-10-11,12
2249,128,2024-11-10,12
2250,128,2024-12-10,12
2251,129,2023-12-16,8
2252,129,2024-01-15,8
2253,129,2024-02-14,8
2254,129,2024-03-15,8
2255,129,2024-04-14,8
2256,129,2024-05-14,8
2257,129,2024-06-13,8
2258,129,2024-07-13,8
2259,129,2024-08-12,8
2260,129,2024-09-11,8
2261,129,2024-10-11,8
2262,129,2024-11-10,8
2263,129,2024-12-10,8
2264,130,2024-07-06,12
2265,130,2024-08-05,12
2266,130,2024-09-04,12
2267,130,2024-10-04,12
2268,130,2024-11-03,12
2269,130,2024-12-03,12
2270,131,2022-03-23,12
2271,131,2022-04-22,12
2272,131,2022-05-22,12
2273,131,2022-06-21,12
2274,131,2022-07-21,12
2275,131,2022-08-20,12
2276,131,2022-09-19,12
2277,131,2022-10-19,12
2278,131,2022-11-18,12
2279,131,2022-12-18,12
2280,131,2023-01-17,12
2281,131,2023-02-16,12
2282,131,2023-03-18,12
2283,131,2023-04-17,12
2284,131,2023-05-17,12
2285,131,2023-06-16,12
2286,131,2023-07-16,12
2287,131,2023-08-15,12
2288,131,2023-09-14,12
2289,131,2023-10-14,12
2290,131,2023-11-13,12
2291,131,2023-12-13,12
2292,131,2024-01-12,12
2293,131,2024-02-11,12
2294,131,2024-03-12,12
2295,131,2024-04-11,12
2296,131,2024-05-11,12
2297,131,2024-06-10,12
2298,131,2024-07-10,12
2299,131,2024-08-09,12
2300,131,2024-09-08,12
2301,131,2024-10-08,12
2302,131,2024-11-07,12
2303,131,2024-12-07,12
2304,132,2023-06-28,12
2305,132,2023-07-28,12
2306,132,2023-08-27,12
2307,132,2023-09-26,12
2308,132,2023-10-26,12
2309,132,2023-11-25,12
2310,132,2023-12-25,12
2311,132,2024-01-24,12
2312,132,2024-02-23,12
2313,132,2024-03-24,12
2314,132,2024-04-23,12
2315,132,2024-05-23,12
2316,132,2024-06-22,12
2317,132,2024-07-22,12
2318,132,2024-08-21,12
2319,132,2024-09-20,12
2320,132,2024-10-20,12
2321,132,2024-11-19,12
2322,132,2024-12-19,12
2323,133,2023-12-09,8
2324,133,2024-01-08,8
2325,133,2024-02-07,8
2326,133,2024-03-08,8
2327,133,2024-04-07,8
2328,133,2024-05-07,8
2329,133,2024-06-06,8
2330,133,2024-07-06,8
2331,133,2024-08-05,8
2332,133,2024-09-04,8
2333,133,2024-10-04,8
2334,133,2024-11-03,8
2335,133,2024-12-03,8
2336,134,2024-03-07,8
2337,134,2024-04-06,8
2338,134,2024-05-06,8
2339,134,2024-06-05,8
2340,134,2024-07-05,8
2341,134,2024-08-04,8
2342,134,2024-09-03,8
2343,134,2024-10-03,8
2344,134,2024-11-02,8
2345,134,2024-12-02,8
2346,135,2024-05-28,8
2347,135,2024-06-27,8
2348,135,2024-07-27,8
2349,135,2024-08-26,8
2350,135,2024-09-25,8
2351,135,2024-10-25,8
2352,135,2024-11-24,8
2353,135,2024-12-24,8
2354,136,2023-12-15,16
2355,136,2024-01-14,16
2356,136,2024-02-13,16
2357,136,2024-03-14,16
2358,136,2024-04-13,16
2359,136,2024-05-13,16
2360,136,2024-06-12,16
2361,136,2024-07-12,16
2362,136,2024-08-11,16
2363,136,2024-09-10,16
2364,136,2024-10-10,16
2365,136,2024-11-09,16
2366,136,2024-12-09,16
2367,137,2022-06-13,8
2368,137,2022-07-13,8
2369,137,2022-08-12,8
2370,137,2022-09-11,8
2371,137,2022-10-11,8
2372,137,2022-11-10,8
2373,137,2022-12-10,8
2374,137,2023-01-09,8
2375,137,2023-02-08,8
2376,137,2023-03-10,8
2377,137,2023-04-09,8
2378,137,2023-05-09,8
2379,137,2023-06-08,8
2380,137,2023-07-08,8
2381,137,2023-08-07,8
2382,137,2023-09-06,8
2383,137,2023-10-06,8
2384,137,2023-11-05,8
2385,137,2023-12-05,8
2386,137,2024-01-04,8
2387,137,2024-02-03,8
2388,137,2024-03-04,8
2389,137,2024-04-03,8
2390,137,2024-05-03,8
2391,137,2024-06-02,8
2392,137,2024-07-02,8
2393,137,2024-08-01,8
2394,137,2024-08-31,8
2395,137,2024-09-30,8
2396,137,2024-10-30,8
2397,137,2024-11-29,8
2398,138,2022-09-13,8
2399,138,2022-10-13,8
2400,138,2022-11-12,8
2401,138,2022-12-12,8
2402,138,2023-01-11,8
2403,138,2023-02-10,8
2404,138,2023-03-12,8
2405,138,2023-04-11,8
2406,138,2023-05-11,8
2407,138,2023-06-10,8
2408,138,2023-07-10,8
2409,138,2023-08-09,8
2410,138,2023-09-08,8
2411,138,2023-10-08,8
2412,138,2023-11-07,8
2413,138,2023-12-07,8
2414,138,2024-01-06,8
2415,138,2024-02-05,8
2416,138,2024-03-06,8
2417,138,2024-04-05,8
2418,138,2024-05-05,8
2419,138,2024-06-04,8
2420,138,2024-07-04,8
2421,138,2024-08-03,8
2422,138,2024-09-02,8
2423,138,2024-10-02,8
2424,138,2024-11-01,8
2425,138,2024-12-01,8
2426,139,2022-11-20,8
2427,139,2022-12-20,8
2428,139,2023-01-19,8
2429,139,2023-02-18,8
2430,139,2023-03-20,8
2431,139,2023-04-19,8
2432,139,2023-05-19,8
2433,139,2023-06-18,8
2434,139,2023-07-18,8
2435,139,2023-08-17,8
2436,139,2023-09-16,8
2437,139,2023-10-16,8
2438,139,2023-11-15,8
2439,139,2023-12-15,8
2440,139,2024-01-14,8
2441,139,2024-02-13,8
2442,139,2024-03-14,8
2443,139,2024-04-13,8
2444,139,2024-05-13,8
2445,139,2024-06-12,8
2446,139,2024-07-12,8
2447,139,2024-08-11,8
2448,139,2024-09-10,8
2449,139,2024-10-10,8
2450,139,2024-11-09,8
2451,139,2024-12-09,8
2452,140,2022-09-08,12
2453,140,2022-10-08,12
2454,140,2022-11-07,12
2455,140,2022-12-07,12
2456,140,2023-01-06,12
2457,140,2023-02-05,12
2458,140,2023-03-07,12
2459,140,2023-04-06,12
2460,140,2023-05-06,12
2461,140,2023-06-05,12
2462,140,2023-07-05,12
2463,140,2023-08-04,12
2464,140,2023-09-03,12
2465,140,2023-10-03,12
2466,140,2023-11-02,12
2467,140,2023-12-02,12
2468,140,2024-01-01,12
2469,140,2024-01-31,12
2470,140,2024-03-01,12
2471,140,2024-03-31,12
2472,140,2024-04-30,12
2473,140,2024-05-30,12
2474,140,2024-06-29,12
2475,140,2024-07-29,12
2476,140,2024-08-28,12
2477,140,2024-09-27,12
2478,140,2024-10-27,12
2479,140,2024-11-26,12
2480,141,2024-12-08,12
2481,142,2022-03-25,8
2482,142,2022-04-24,8
2483,142,2022-05-24,8
2484,142,2022-06-23,8
2485,142,2022-07-23,8
2486,142,2022-08-22,8
2487,142,2022-09-21,8
2488,142,2022-10-21,8
2489,142,2022-11-20,8
2490,142,2022-12-20,8
2491,142,2023-01-19,8
2492,142,2023-02-18,8
2493,142,2023-03-20,8
2494,142,2023-04-19,8
2495,142,2023-05-19,8
2496,142,2023-06-18,8
2497,142,2023-07-18,8
2498,142,2023-08-17,8
2499,142,2023-09-16,8
2500,142,2023-10-16,8
2501,142,2023-11-15,8
2502,142,2023-12-15,8
2503,142,2024-01-14,8
2504,142,2024-02-13,8
2505,142,2024-03-14,8
2506,142,2024-04-13,8
2507,142,2024-05-13,8
2508,142,2024-06-12,8
2509,142,2024-07-12,8
2510,142,2024-08-11,8
2511,142,2024-09-10,8
2512,142,2024-10-10,8
2513,142,2024-11-09,8
2514,142,2024-12-09,8
2515,143,2022-02-23,8
2516,143,2022-03-25,8
2517,143,2022-04-24,8
2518,143,2022-05-24,8
2519,143,2022-06-23,8
2520,143,2022-07-23,8
2521,143,2022-08-22,8
2522,143,2022-09-21,8
2523,143,2022-10-21,8
2524,143,2022-11-20,8
2525,143,2022-12-20,8
2526,143,2023-01-19,8
2527,143,2023-02-18,8
2528,143,2023-03-20,8
2529,143,2023-04-19,8
2530,143,2023-05-19,8
2531,143,2023-06-18,8
2532,143,2023-07-18,8
2533,143,2023-08-17,8
2534,143,2023-09-16,8
2535,143,2023-10-16,8
2536,143,2023-11-15,8
2537,143,2023-12-15,8
2538,143,2024-01-14,8
2539,143,2024-02-13,8
2540,143,2024-03-14,8
2541,143,2024-04-13,8
2542,143,2024-05-13,8
2543,143,2024-06-12,8
2544,143,2024-07-12,8
2545,143,2024-08-11,8
2546,143,2024-09-10,8
2547,143,2024-10-10,8
2548,143,2024-11-09,8
2549,143,2024-12-09,8
2550,144,2024-03-21,16
2551,144,2024-04-20,16
2552,144,2024-05-20,16
2553,144,2024-06-19,16
2554,144,2024-07-19,16
2555,144,2024-08-18,16
2556,144,2024-09-17,16
2557,144,2024-10-17,16
2558,144,2024-11-16,16
2559,144,2024-12-16,16
2560,145,2022-11-25,8
2561,145,2022-12-25,8
2562,145,2023-01-24,8
2563,145,2023-02-23,8
2564,145,2023-03-25,8
2565,145,2023-04-24,8
2566,145,2023-05-24,8
2567,145,2023-06-23,8
2568,145,2023-07-23,8
2569,145,2023-08-22,8
2570,145,2023-09-21,8
2571,145,2023-10-21,8
2572,145,2023-11-20,8
2573,145,2023-12-20,8
2574,145,2024-01-19,8
2575,145,2024-02-18,8
2576,145,2024-03-19,8
2577,145,2024-04-18,8
2578,145,2024-05-18,8
2579,145,2024-06-17,8
2580,145,2024-07-17,8
2581,145,2024-08-16,8
2582,145,2024-09-15,8
2583,145,2024-10-15,8
2584,145,2024-11-14,8
2585,145,2024-12-14,8
2586,146,2023-06-26,16
2587,146,2023-07-26,16
2588,146,2023-08-25,16
2589,146,2023-09-24,16
2590,146,2023-10-24,16
2591,146,2023-11-23,16
2592,146,2023-12-23,16
2593,146,2024-01-22,16
2594,146,2024-02-21,16
2595,146,2024-03-22,16
2596,146,2024-04-21,16
2597,146,2024-05-21,16
2598,146,2024-06-20,16
2599,146,2024-07-20,16
2600,146,2024-08-19,16
2601,146,2024-09-18,16
2602,146,2024-10-18,16
2603,146,2024-11-17,16
2604,146,2024-12-17,16
2605,147,2023-03-04,8
2606,147,2023-04-03,8
2607,147,2023-05-03,8
2608,147,2023-06-02,8
2609,147,2023-07-02,8
2610,147,2023-08-01,8
2611,147,2023-08-31,8
2612,147,2023-09-30,8
2613,147,2023-10-30,8
2614,147,2023-11-29,8
2615,147,2023-12-29,8
2616,147,2024-01-28,8
2617,147,2024-02-27,8
2618,147,2024-03-28,8
2619,147,2024-04-27,8
2620,147,2024-05-27,8
2621,147,2024-06-26,8
2622,147,2024-07-26,8
2623,147,2024-08-25,8
2624,147,2024-09-24,8
2625,147,2024-10-24,8
2626,147,2024-11-23,8
2627,148,2023-05-02,16
2628,148,2023-06-01,16
2629,148,2023-07-01,16
2630,148,2023-07-31,16
2631,148,2023-08-30,16
2632,148,2023-09-29,16
2633,148,2023-10-29,16
2634,148,2023-11-28,16
2635,148,2023-12-28,16
2636,148,2024-01-27,16
2637,148,2024-02-26,16
2638,148,2024-03-27,16
2639,148,2024-04-26,16
2640,148,2024-05-26,16
2641,148,2024-06-25,16
2642,148,2024-07-25,16
2643,148,2024-08-24,16
2644,148,2024-09-23,16
2645,148,2024-10-23,16
2646,148,2024-11-22,16
2647,149,2023-01-21,8
2648,149,2023-02-20,8
2649,149,2023-03-22,8
2650,149,2023-04-21,8
2651,149,2023-05-21,8
2652,149,2023-06-20,8
2653,149,2023-07-20,8
2654,149,2023-08-19,8
2655,149,2023-09-18,8
2656,149,2023-10-18,8
2657,149,2023-11-17,8
2658,149,2023-12-17,8
2659,149,2024-01-16,8
2660,149,2024-02-15,8
2661,149,2024-03-16,8
2662,149,2024-04-15,8
2663,149,2024-05-15,8
2664,149,2024-06-14,8
2665,149,2024-07-14,8
2666,149,2024-08-13,8
2667,149,2024-09-12,8
2668,149,2024-10-12,8
2669,149,2024-11-11,8
2670,149,2024-12-11,8
2671,150,2022-08-22,16
2672,150,2022-09-21,16
2673,150,2022-10-21,16
2674,150,2022-11-20,16
2675,150,2022-12-20,16
2676,150,2023-01-19,16
2677,150,2023-02-18,16
2678,150,2023-03-20,16
2679,150,2023-04-19,16
2680,150,2023-05-19,16
2681,150,2023-06-18,16
2682,150,2023-07-18,16
2683,150,2023-08-17,16
2684,150,2023-09-16,16
2685,150,2023-10-16,16
2686,150,2023-11-15,16
2687,150,2023-12-15,16
2688,150,2024-01-14,16
2689,150,2024-02-13,16
2690,150,2024-03-14,16
2691,150,2024-04-13,16
2692,150,2024-05-13,16
2693,150,2024-06-12,16
2694,150,2024-07-12,16
2695,150,2024-08-11,16
2696,150,2024-09-10,16
2697,150,2024-10-10,16
2698,150,2024-11-09,16
2699,150,2024-12-09,16
2700,151,2022-06-05,8
2701,151,2022-07-05,8
2702,151,2022-08-04,8
2703,151,2022-09-03,8
2704,151,2022-10-03,8
2705,151,2022-11-02,8
2706,151,2022-12-02,8
2707,151,2023-01-01,8
2708,151,2023-01-31,8
2709,151,2023-03-02,8
2710,151,2023-04-01,8
2711,151,2023-05-01,8
2712,151,2023-05-31,8
2713,151,2023-06-30,8
2714,151,2023-07-30,8
2715,151,2023-08-29,8
2716,151,2023-09-28,8
2717,151,2023-10-28,8
2718,151,2023-11-27,8
2719,151,2023-12-27,8
2720,151,2024-01-26,8
2721,151,2024-02-25,8
2722,151,2024-03-26,8
2723,151,2024-04-25,8
2724,151,2024-05-25,8
2725,151,2024-06-24,8
2726,151,2024-07-24,8
2727,151,2024-08-23,8
2728,151,2024-09-22,8
2729,151,2024-10-22,8
2730,151,2024-11-21,8
2731,152,2023-10-22,8
2732,152,2023-11-21,8
2733,152,2023-12-21,8
2734,152,2024-01-20,8
2735,152,2024-02-19,8
2736,152,2024-03-20,8
2737,152,2024-04-19,8
2738,152,2024-05-19,8
2739,152,2024-06-18,8
2740,152,2024-07-18,8
2741,152,2024-08-17,8
2742,152,2024-09-16,8
2743,152,2024-10-16,8
2744,152,2024-11-15,8
2745,152,2024-12-15,8
2746,153,2022-10-05,12
2747,153,2022-11-04,12
2748,153,2022-12-04,12
2749,153,2023-01-03,12
2750,153,2023-02-02,12
2751,153,2023-03-04,12
2752,153,2023-04-03,12
2753,153,2023-05-03,12
2754,153,2023-06-02,12
2755,153,2023-07-02,12
2756,153,2023-08-01,12
2757,153,2023-08-31,12
2758,153,2023-09-30,12
2759,153,2023-10-30,12
2760,153,2023-11-29,12
2761,153,2023-12-29,12
2762,153,2024-01-28,12
2763,153,2024-02-27,12
2764,153,2024-03-28,12
2765,153,2024-04-27,12
2766,153,2024-05-27,12
2767,153,2024-06-26,12
2768,153,2024-07-26,12
2769,153,2024-08-25,12
2770,153,2024-09-24,12
2771,153,2024-10-24,12
2772,153,2024-11-23,12
2773,154,2022-12-23,12
2774,154,2023-01-22,12
2775,154,2023-02-21,12
2776,154,2023-03-23,12
2777,154,2023-04-22,12
2778,154,2023-05-22,12
2779,154,2023-06-21,12
2780,154,2023-07-21,12
2781,154,2023-08-20,12
2782,154,2023-09-19,12
2783,154,2023-10-19,12
2784,154,2023-11-18,12
2785,154,2023-12-18,12
2786,154,2024-01-17,12
2787,154,2024-02-16,12
2788,154,2024-03-17,12
2789,154,2024-04-16,12
2790,154,2024-05-16,12
2791,154,2024-06-15,12
2792,154,2024-07-15,12
2793,154,2024-08-14,12
2794,154,2024-09-13,12
2795,154,2024-10-13,12
2796,154,2024-11-12,12
2797,154,2024-12-12,12
2798,155,2023-07-17,8
2799,155,2023-08-16,8
2800,155,2023-09-15,8
2801,155,2023-10-15,8
2802,155,2023-11-14,8
2803,155,2023-12-14,8
2804,155,2024-01-13,8
2805,155,2024-02-12,8
2806,155,2024-03-13,8
2807,155,2024-04-12,8
2808,155,2024-05-12,8
2809,155,2024-06-11,8
2810,155,2024-07-11,8
2811,155,2024-08-10,8
2812,155,2024-09-09,8
2813,155,2024-10-09,8
2814,155,2024-11-08,8
2815,155,2024-12-08,8
2816,156,2024-01-22,16
2817,156,2024-02-21,16
2818,156,2024-03-22,16
2819,156,2024-04-21,16
2820,156,2024-05-21,16
2821,156,2024-06-20,16
2822,156,2024-07-20,16
2823,156,2024-08-19,16
2824,156,2024-09-18,16
2825,156,2024-10-18,16
2826,156,2024-11-17,16
2827,156,2024-12-17,16
2828,157,2022-04-24,12
2829,157,2022-05-24,12
2830,157,2022-06-23,12
2831,157,2022-07-23,12
2832,157,2022-08-22,12
2833,157,2022-09-21,12
2834,157,2022-10-21,12
2835,157,2022-11-20,12
2836,157,2022-12-20,12
2837,157,2023-01-19,12
2838,157,2023-02-18,12
2839,157,2023-03-20,12
2840,157,2023-04-19,12
2841,157,2023-05-19,12
2842,157,2023-06-18,12
2843,157,2023-07-18,12
2844,157,2023-08-17,12
2845,157,2023-09-16,12
2846,157,2023-10-16,12
2847,157,2023-11-15,12
2848,157,2023-12-15,12
2849,157,2024-01-14,12
2850,157,2024-02-13,12
2851,157,2024-03-14,12
2852,157,2024-04-13,12
2853,157,2024-05-13,12
2854,157,2024-06-12,12
2855,157,2024-07-12,12
2856,157,2024-08-11,12
2857,157,2024-09-10,12
2858,157,2024-10-10,12
2859,157,2024-11-09,12
2860,157,2024-12-09,12
2861,158,2024-05-06,16
2862,158,2024-06-05,16
2863,158,2024-07-05,16
2864,158,2024-08-04,16
2865,158,2024-09-03,16
2866,158,2024-10-03,16
2867,158,2024-11-02,16
2868,158,2024-12-02,16
2869,159,2022-10-23,8
2870,159,2022-11-22,8
2871,159,2022-12-22,8
2872,159,2023-01-21,8
2873,159,2023-02-20,8
2874,159,2023-03-22,8
2875,159,2023-04-21,8
2876,159,2023-05-21,8
2877,159,2023-06-20,8
2878,159,2023-07-20,8
2879,159,2023-08-19,8
2880,159,2023-09-18,8
2881,159,2023-10-18,8
2882,159,2023-11-17,8
2883,159,2023-12-17,8
2884,159,2024-01-16,8
2885,159,2024-02-15,8
2886,159,2024-03-16,8
2887,159,2024-04-15,8
2888,159,2024-05-15,8
2889,159,2024-06-14,8
2890,159,2024-07-14,8
2891,159,2024-08-13,8
2892,159,2024-09-12,8
2893,159,2024-10-12,8
2894,159,2024-11-11,8
2895,159,2024-12-11,8
2896,160,2024-12-03,12
2897,161,2022-01-05,8
2898,161,2022-02-04,8
2899,161,2022-03-06,8
2900,161,2022-04-05,8
2901,161,2022-05-05,8
2902,161,2022-06-04,8
2903,161,2022-07-04,8
2904,161,2022-08-03,8
2905,161,2022-09-02,8
2906,161,2022-10-02,8
2907,161,2022-11-01,8
2908,161,2022-12-01,8
2909,161,2022-12-31,8
2910,161,2023-01-30,8
2911,161,2023-03-01,8
2912,161,2023-03-31,8
2913,161,2023-04-30,8
2914,161,2023-05-30,8
2915,161,2023-06-29,8
2916,161,2023-07-29,8
2917,161,2023-08-28,8
2918,161,2023-09-27,8
2919,161,2023-10-27,8
2920,161,2023-11-26,8
2921,161,2023-12-26,8
2922,161,2024-01-25,8
2923,161,2024-02-24,8
2924,161,2024-03-25,8
2925,161,2024-04-24,8
2926,161,2024-05-24,8
2927,161,2024-06-23,8
2928,161,2024-07-23,8
2929,161,2024-08-22,8
2930,161,2024-09-21,8
2931,161,2024-10-21,8
2932,161,2024-11-20,8
2933,162,2022-12-29,8
2934,162,2023-01-28,8
2935,162,2023-02-27,8
2936,162,2023-03-29,8
2937,162,2023-04-28,8
2938,162,2023-05-28,8
2939,162,2023-06-27,8
2940,162,2023-07-27,8
2941,162,2023-08-26,8
2942,162,2023-09-25,8
2943,162,2023-10-25,8
2944,162,2023-11-24,8
2945,162,2023-12-24,8
2946,162,2024-01-23,8
2947,162,2024-02-22,8
2948,162,2024-03-23,8
2949,162,2024-04-22,8
2950,162,2024-05-22,8
2951,162,2024-06-21,8
2952,162,2024-07-21,8
2953,162,2024-08-20,8
2954,162,2024-09-19,8
2955,162,2024-10-19,8
2956,162,2024-11-18,8
2957,162,2024-12-18,8
2958,163,2022-08-09,16
2959,163,2022-09-08,16
2960,163,2022-10-08,16
2961,163,2022-11-07,16
2962,163,2022-12-07,16
2963,163,2023-01-06,16
2964,163,2023-02-05,16
2965,163,2023-03-07,16
2966,163,2023-04-06,16
2967,163,2023-05-06,16
2968,163,2023-06-05,16
2969,163,2023-07-05,16
2970,163,2023-08-04,16
2971,163,2023-09-03,16
2972,163,2023-10-03,16
2973,163,2023-11-02,16
2974,163,2023-12-02,16
2975,163,2024-01-01,16
2976,163,2024-01-31,16
2977,163,2024-03-01,16
2978,163,2024-03-31,16
2979,163,2024-04-30,16
2980,163,2024-05-30,16
2981,163,2024-06-29,16
2982,163,2024-07-29,16
2983,163,2024-08-28,16
2984,163,2024-09-27,16
2985,163,2024-10-27,16
2986,163,2024-11-26,16
2987,164,2023-01-14,16
2988,164,2023-02-13,16
2989,164,2023-03-15,16
2990,164,2023-04-14,16
2991,164,2023-05-14,16
2992,164,2023-06-13,16
2993,164,2023-07-13,16
2994,164,2023-08-12,16
2995,164,2023-09-11,16
2996,164,2023-10-11,16
2997,164,2023-11-10,16
2998,164,2023-12-10,16
2999,164,2024-01-09,16
3000,164,2024-02-08,16
3001,164,2024-03-09,16
3002,164,2024-04-08,16
3003,164,2024-05-08,16
3004,164,2024-06-07,16
3005,164,2024-07-07,16
3006,164,2024-08-06,16
3007,164,2024-09-05,16
3008,164,2024-10-05,16
3009,164,2024-11-04,16
3010,164,2024-12-04,16
3011,165,2024-04-24,8
3012,165,2024-05-24,8
3013,165,2024-06-23,8
3014,165,2024-07-23,8
3015,165,2024-08-22,8
3016,165,2024-09-21,8
3017,165,2024-10-21,8
3018,165,2024-11-20,8
3019,165,2024-12-20,8
3020,166,2023-08-07,16
3021,166,2023-09-06,16
3022,166,2023-10-06,16
3023,166,2023-11-05,16
3024,166,2023-12-05,16
3025,166,2024-01-04,16
3026,166,2024-02-03,16
3027,166,2024-03-04,16
3028,166,2024-04-03,16
3029,166,2024-05-03,16
3030,166,2024-06-02,16
3031,166,2024-07-02,16
3032,166,2024-08-01,16
3033,166,2024-08-31,16
3034,166,2024-09-30,16
3035,166,2024-10-30,16
3036,166,2024-11-29,16
3037,167,2023-08-12,8
3038,167,2023-09-11,8
3039,167,2023-10-11,8
3040,167,2023-11-10,8
3041,167,2023-12-10,8
3042,167,2024-01-09,8
3043,167,2024-02-08,8
3044,167,2024-03-09,8
3045,167,2024-04-08,8
3046,167,2024-05-08,8
3047,167,2024-06-07,8
3048,167,2024-07-07,8
3049,167,2024-08-06,8
3050,167,2024-09-05,8
3051,167,2024-10-05,8
3052,167,2024-11-04,8
3053,167,2024-12-04,8
3054,168,2024-08-08,12
3055,168,2024-09-07,12
3056,168,2024-10-07,12
3057,168,2024-11-06,12
3058,168,2024-12-06,12
3059,169,2022-08-17,8
3060,169,2022-09-16,8
3061,169,2022-10-16,8
3062,169,2022-11-15,8
3063,169,2022-12-15,8
3064,169,2023-01-14,8
3065,169,2023-02-13,8
3066,169,2023-03-15,8
3067,169,2023-04-14,8
3068,169,2023-05-14,8
3069,169,2023-06-13,8
3070,169,2023-07-13,8
3071,169,2023-08-12,8
3072,169,2023-09-11,8
3073,169,2023-10-11,8
3074,169,2023-11-10,8
3075,169,2023-12-10,8
3076,169,2024-01-09,8
3077,169,2024-02-08,8
3078,169,2024-03-09,8
3079,169,2024-04-08,8
3080,169,2024-05-08,8
3081,169,2024-06-07,8
3082,169,2024-07-07,8
3083,169,2024-08-06,8
3084,169,2024-09-05,8
3085,169,2024-10-05,8
3086,169,2024-11-04,8
3087,169,2024-12-04,8
3088,170,2023-09-27,8
3089,170,2023-10-27,8
3090,170,2023-11-26,8
3091,170,2023-12-26,8
3092,170,2024-01-25,8
3093,170,2024-02-24,8
3094,170,2024-03-25,8
3095,170,2024-04-24,8
3096,170,2024-05-24,8
3097,170,2024-06-23,8
3098,170,2024-07-23,8
3099,170,2024-08-22,8
3100,170,2024-09-21,8
3101,170,2024-10-21,8
3102,170,2024-11-20,8
3103,170,2024-12-20,8
3104,171,2022-09-28,8
3105,171,2022-10-28,8
3106,171,2022-11-27,8
3107,171,2022-12-27,8
3108,171,2023-01-26,8
3109,171,2023-02-25,8
3110,171,2023-03-27,8
3111,171,2023-04-26,8
3112,171,2023-05-26,8
3113,171,2023-06-25,8
3114,171,2023-07-25,8
3115,171,2023-08-24,8
3116,171,2023-09-23,8
3117,171,2023-10-23,8
3118,171,2023-11-22,8
3119,171,2023-12-22,8
3120,171,2024-01-21,8
3121,171,2024-02-20,8
3122,171,2024-03-21,8
3123,171,2024-04-20,8
3124,171,2024-05-20,8
3125,171,2024-06-19,8
3126,171,2024-07-19,8
3127,171,2024-08-18,8
3128,171,2024-09-17,8
3129,171,2024-10-17,8
3130,171,2024-11-16,8
3131,171,2024-12-16,8
3132,172,2024-04-10,12
3133,172,2024-05-10,12
3134,172,2024-06-09,12
3135,172,2024-07-09,12
3136,172,2024-08-08,12
3137,172,2024-09-07,12
3138,172,2024-10-07,12
3139,172,2024-11-06,12
3140,172,2024-12-06,12
3141,173,2024-11-19,12
3142,173,2024-12-19,12
3143,174,2024-03-15,12
3144,174,2024-04-14,12
3145,174,2024-05-14,12
3146,174,2024-06-13,12
3147,174,2024-07-13,12
3148,174,2024-08-12,12
3149,174,2024-09-11,12
3150,174,2024-10-11,12
3151,174,2024-11-10,12
3152,174,2024-12-10,12
3153,175,2023-06-01,16
3154,175,2023-07-01,16
3155,175,2023-07-31,16
3156,175,2023-08-30,16
3157,175,2023-09-29,16
3158,175,2023-10-29,16
3159,175,2023-11-28,16
3160,175,2023-12-28,16
3161,175,2024-01-27,16
3162,175,2024-02-26,16
3163,175,2024-03-27,16
3164,175,2024-04-26,16
3165,175,2024-05-26,16
3166,175,2024-06-25,16
3167,175,2024-07-25,16
3168,175,2024-08-24,16
3169,175,2024-09-23,16
3170,175,2024-10-23,16
3171,175,2024-11-22,16
3172,176,2023-12-26,16
3173,176,2024-01-25,16
3174,176,2024-02-24,16
3175,176,2024-03-25,16
3176,176,2024-04-24,16
3177,176,2024-05-24,16
3178,176,2024-06-23,16
3179,176,2024-07-23,16
3180,176,2024-08-22,16
3181,176,2024-09-21,16
3182,176,2024-10-21,16
3183,176,2024-11-20,16
3184,176,2024-12-20,16
3185,177,2022-03-17,8
3186,177,2022-04-16,8
3187,177,2022-05-16,8
3188,177,2022-06-15,8
3189,177,2022-07-15,8
3190,177,2022-08-14,8
3191,177,2022-09-13,8
3192,177,2022-10-13,8
3193,177,2022-11-12,8
3194,177,2022-12-12,8
3195,177,2023-01-11,8
3196,177,2023-02-10,8
3197,177,2023-03-12,8
3198,177,2023-04-11,8
3199,177,2023-05-11,8
3200,177,2023-06-10,8
3201,177,2023-07-10,8
3202,177,2023-08-09,8
3203,177,2023-09-08,8
3204,177,2023-10-08,8
3205,177,2023-11-07,8
3206,177,2023-12-07,8
3207,177,2024-01-06,8
3208,177,2024-02-05,8
3209,177,2024-03-06,8
3210,177,2024-04-05,8
3211,177,2024-05-05,8
3212,177,2024-06-04,8
3213,177,2024-07-04,8
3214,177,2024-08-03,8
3215,177,2024-09-02,8
3216,177,2024-10-02,8
3217,177,2024-11-01,8
3218,177,2024-12-01,8
3219,178,2024-09-27,12
3220,178,2024-10-27,12
3221,178,2024-11-26,12
3222,178,2024-12-26,12
3223,179,2022-03-28,16
3224,179,2022-04-27,16
3225,179,2022-05-27,16
3226,179,2022-06-26,16
3227,179,2022-07-26,16
3228,179,2022-08-25,16
3229,179,2022-09-24,16
3230,179,2022-10-24,16
3231,179,2022-11-23,16
3232,179,2022-12-23,16
3233,179,2023-01-22,16
3234,179,2023-02-21,16
3235,179,2023-03-23,16
3236,179,2023-04-22,16
3237,179,2023-05-22,16
3238,179,2023-06-21,16
3239,179,2023-07-21,16
3240,179,2023-08-20,16
3241,179,2023-09-19,16
3242,179,2023-10-19,16
3243,179,2023-11-18,16
3244,179,2023-12-18,16
3245,179,2024-01-17,16
3246,179,2024-02-16,16
3247,179,2024-03-17,16
3248,179,2024-04-16,16
3249,179,2024-05-16,16
3250,179,2024-06-15,16
3251,179,2024-07-15,16
3252,179,2024-08-14,16
3253,179,2024-09-13,16
3254,179,2024-10-13,16
3255,179,2024-11-12,16
3256,179,2024-12-12,16
3257,180,2023-02-25,16
3258,180,2023-03-27,16
3259,180,2023-04-26,16
3260,180,2023-05-26,16
3261,180,2023-06-25,16
3262,180,2023-07-25,16
3263,180,2023-08-24,16
3264,180,2023-09-23,16
3265,180,2023-10-23,16
3266,180,2023-11-22,16
3267,180,2023-12-22,16
3268,180,2024-01-21,16
3269,180,2024-02-20,16
3270,180,2024-03-21,16
3271,180,2024-04-20,16
3272,180,2024-05-20,16
3273,180,2024-06-19,16
3274,180,2024-07-19,16
3275,180,2024-08-18,16
3276,180,2024-09-17,16
3277,180,2024-10-17,16
3278,180,2024-11-16,16
3279,180,2024-12-16,16
3280,181,2024-01-05,16
3281,181,2024-02-04,16
3282,181,2024-03-05,16
3283,181,2024-04-04,16
3284,181,2024-05-04,16
3285,181,2024-06-03,16
3286,181,2024-07-03,16
3287,181,2024-08-02,16
3288,181,2024-09-01,16
3289,181,2024-10-01,16
3290,181,2024-10-31,16
3291,181,2024-11-30,16
3292,182,2023-07-04,8
3293,182,2023-08-03,8
3294,182,2023-09-02,8
3295,182,2023-10-02,8
3296,182,2023-11-01,8
3297,182,2023-12-01,8
3298,182,2023-12-31,8
3299,182,2024-01-30,8
3300,182,2024-02-29,8
3301,182,2024-03-30,8
3302,182,2024-04-29,8
3303,182,2024-05-29,8
3304,182,2024-06-28,8
3305,182,2024-07-28,8
3306,182,2024-08-27,8
3307,182,2024-09-26,8
3308,182,2024-10-26,8
3309,182,2024-11-25,8
3310,183,2024-01-03,16
3311,183,2024-02-02,16
3312,183,2024-03-03,16
3313,183,2024-04-02,16
3314,183,2024-05-02,16
3315,183,2024-06-01,16
3316,183,2024-07-01,16
3317,183,2024-07-31,16
3318,183,2024-08-30,16
3319,183,2024-09-29,16
3320,183,2024-10-29,16
3321,183,2024-11-28,16
3322,184,2024-10-20,16
3323,184,2024-11-19,16
3324,184,2024-12-19,16
3325,185,2024-05-08,16
3326,185,2024-06-07,16
3327,185,2024-07-07,16
3328,185,2024-08-06,16
3329,185,2024-09-05,16
3330,185,2024-10-05,16
3331,185,2024-11-04,16
3332,185,2024-12-04,16
3333,186,2023-03-10,16
3334,186,2023-04-09,16
3335,186,2023-05-09,16
3336,186,2023-06-08,16
3337,186,2023-07-08,16
3338,186,2023-08-07,16
3339,186,2023-09-06,16
3340,186,2023-10-06,16
3341,186,2023-11-05,16
3342,186,2023-12-05,16
3343,186,2024-01-04,16
3344,186,2024-02-03,16
3345,186,2024-03-04,16
3346,186,2024-04-03,16
3347,186,2024-05-03,16
3348,186,2024-06-02,16
3349,186,2024-07-02,16
3350,186,2024-08-01,16
3351,186,2024-08-31,16
3352,186,2024-09-30,16
3353,186,2024-10-30,16
3354,186,2024-11-29,16
3355,187,2023-08-22,8
3356,187,2023-09-21,8
3357,187,2023-10-21,8
3358,187,2023-11-20,8
3359,187,2023-12-20,8
3360,187,2024-01-19,8
3361,187,2024-02-18,8
3362,187,2024-03-19,8
3363,187,2024-04-18,8
3364,187,2024-05-18,8
3365,187,2024-06-17,8
3366,187,2024-07-17,8
3367,187,2024-08-16,8
3368,187,2024-09-15,8
3369,187,2024-10-15,8
3370,187,2024-11-14,8
3371,187,2024-12-14,8
3372,188,2022-12-04,16
3373,188,2023-01-03,16
3374,188,2023-02-02,16
3375,188,2023-03-04,16
3376,188,2023-04-03,16
3377,188,2023-05-03,16
3378,188,2023-06-02,16
3379,188,2023-07-02,16
3380,188,2023-08-01,16
3381,188,2023-08-31,16
3382,188,2023-09-30,16
3383,188,2023-10-30,16
3384,188,2023-11-29,16
3385,188,2023-12-29,16
3386,188,2024-01-28,16
3387,188,2024-02-27,16
3388,188,2024-03-28,16
3389,188,2024-04-27,16
3390,188,2024-05-27,16
3391,188,2024-06-26,16
3392,188,2024-07-26,16
3393,188,2024-08-25,16
3394,188,2024-09-24,16
3395,188,2024-10-24,16
3396,188,2024-11-23,16
3397,189,2023-11-20,8
3398,189,2023-12-20,8
3399,189,2024-01-19,8
3400,189,2024-02-18,8
3401,189,2024-03-19,8
3402,189,2024-04-18,8
3403,189,2024-05-18,8
3404,189,2024-06-17,8
3405,189,2024-07-17,8
3406,189,2024-08-16,8
3407,189,2024-09-15,8
3408,189,2024-10-15,8
3409,189,2024-11-14,8
3410,189,2024-12-14,8
3411,190,2023-11-19,8
3412,190,2023-12-19,8
3413,190,2024-01-18,8
3414,190,2024-02-17,8
3415,190,2024-03-18,8
3416,190,2024-04-17,8
3417,190,2024-05-17,8
3418,190,2024-06-16,8
3419,190,2024-07-16,8
3420,190,2024-08-15,8
3421,190,2024-09-14,8
3422,190,2024-10-14,8
3423,190,2024-11-13,8
3424,190,2024-12-13,8
3425,191,2022-03-15,12
3426,191,2022-04-14,12
3427,191,2022-05-14,12
3428,191,2022-06-13,12
3429,191,2022-07-13,12
3430,191,2022-08-12,12
3431,191,2022-09-11,12
3432,191,2022-10-11,12
3433,191,2022-11-10,12
3434,191,2022-12-10,12
3435,191,2023-01-09,12
3436,191,2023-02-08,12
3437,191,2023-03-10,12
3438,191,2023-04-09,12
3439,191,2023-05-09,12
3440,191,2023-06-08,12
3441,191,2023-07-08,12
3442,191,2023-08-07,12
3443,191,2023-09-06,12
3444,191,2023-10-06,12
3445,191,2023-11-05,12
3446,191,2023-12-05,12
3447,191,2024-01-04,12
3448,191,2024-02-03,12
3449,191,2024-03-04,12
3450,191,2024-04-03,12
3451,191,2024-05-03,12
3452,191,2024-06-02,12
3453,191,2024-07-02,12
3454,191,2024-08-01,12
3455,191,2024-08-31,12
3456,191,2024-09-30,12
3457,191,2024-10-30,12
3458,191,2024-11-29,12
3459,192,2024-02-09,8
3460,192,2024-03-10,8
3461,192,2024-04-09,8
3462,192,2024-05-09,8
3463,192,2024-06-08,8
3464,192,2024-07-08,8
3465,192,2024-08-07,8
3466,192,2024-09-06,8
3467,192,2024-10-06,8
3468,192,2024-11-05,8
3469,192,2024-12-05,8
3470,193,2023-02-22,8
3471,193,2023-03-24,8
3472,193,2023-04-23,8
3473,193,2023-05-23,8
3474,193,2023-06-22,8
3475,193,2023-07-22,8
3476,193,2023-08-21,8
3477,193,2023-09-20,8
3478,193,2023-10-20,8
3479,193,2023-11-19,8
3480,193,2023-12-19,8
3481,193,2024-01-18,8
3482,193,2024-02-17,8
3483,193,2024-03-18,8
3484,193,2024-04-17,8
3485,193,2024-05-17,8
3486,193,2024-06-16,8
3487,193,2024-07-16,8
3488,193,2024-08-15,8
3489,193,2024-09-14,8
3490,193,2024-10-14,8
3491,193,2024-11-13,8
3492,193,2024-12-13,8
3493,194,2023-03-30,8
3494,194,2023-04-29,8
3495,194,2023-05-29,8
3496,194,2023-06-28,8
3497,194,2023-07-28,8
3498,194,2023-08-27,8
3499,194,2023-09-26,8
3500,194,2023-10-26,8
3501,194,2023-11-25,8
3502,194,2023-12-25,8
3503,194,2024-01-24,8
3504,194,2024-02-23,8
3505,194,2024-03-24,8
3506,194,2024-04-23,8
3507,194,2024-05-23,8
3508,194,2024-06-22,8
3509,194,2024-07-22,8
3510,194,2024-08-21,8
3511,194,2024-09-20,8
3512,194,2024-10-20,8
3513,194,2024-11-19,8
3514,194,2024-12-19,8
3515,195,2023-04-21,12
3516,195,2023-05-21,12
3517,195,2023-06-20,12
3518,195,2023-07-20,12
3519,195,2023-08-19,12
3520,195,2023-09-18,12
3521,195,2023-10-18,12
3522,195,2023-11-17,12
3523,195,2023-12-17,12
3524,195,2024-01-16,12
3525,195,2024-02-15,12
3526,195,2024-03-16,12
3527,195,2024-04-15,12
3528,195,2024-05-15,12
3529,195,2024-06-14,12
3530,195,2024-07-14,12
3531,195,2024-08-13,12
3532,195,2024-09-12,12
3533,195,2024-10-12,12
3534,195,2024-11-11,12
3535,195,2024-12-11,12
3536,196,2024-11-08,12
3537,196,2024-12-08,12
3538,197,2024-08-18,16
3539,197,2024-09-17,16
3540,197,2024-10-17,16
3541,197,2024-11-16,16
3542,197,2024-12-16,16
3543,198,2023-05-11,8
3544,198,2023-06-10,8
3545,198,2023-07-10,8
3546,198,2023-08-09,8
3547,198,2023-09-08,8
3548,198,2023-10-08,8
3549,198,2023-11-07,8
3550,198,2023-12-07,8
3551,198,2024-01-06,8
3552,198,2024-02-05,8
3553,198,2024-03-06,8
3554,198,2024-04-05,8
3555,198,2024-05-05,8
3556,198,2024-06-04,8
3557,198,2024-07-04,8
3558,198,2024-08-03,8
3559,198,2024-09-02,8
3560,198,2024-10-02,8
3561,198,2024-11-01,8
3562,198,2024-12-01,8
3563,199,2024-07-19,8
3564,199,2024-08-18,8
3565,199,2024-09-17,8
3566,199,2024-10-17,8
3567,199,2024-11-16,8
3568,199,2024-12-16,8
3569,200,2024-08-26,16
3570,200,2024-09-25,16
3571,200,2024-10-25,16
3572,200,2024-11-24,16
3573,200,2024-12-24,16
